record_type,schema_version,status_seq,timestamp_ticks,status_domain,component,status_key,status_value,severity,flags
STS,1,54,92116480,rp2040_timer0,system,uptime_seconds,5,INFO,0
STS,1,55,92120640,rp2040_timer0,capture,event_count,4,INFO,0
STS,1,56,92124672,rp2040_timer0,capture,dropped_count,0,INFO,0
STS,1,57,92128656,rp2040_timer0,capture,error_flags,0,INFO,0
STS,1,58,108116144,rp2040_timer0,system,uptime_seconds,6,INFO,0
STS,1,59,108119664,rp2040_timer0,capture,event_count,5,INFO,0
STS,1,60,108123904,rp2040_timer0,capture,dropped_count,0,INFO,0
STS,1,61,108127264,rp2040_timer0,capture,error_flags,0,INFO,0
STS,1,62,124116384,rp2040_timer0,system,uptime_seconds,7,INFO,0
STS,1,63,124119968,rp2040_timer0,capture,event_count,6,INFO,0
STS,1,64,124124176,rp2040_timer0,capture,dropped_count,0,INFO,0
STS,1,65,124128128,rp2040_timer0,capture,error_flags,0,INFO,0
STS,1,66,140116064,rp2040_timer0,system,uptime_seconds,8,INFO,0
STS,1,67,140119584,rp2040_timer0,capture,event_count,7,INFO,0
STS,1,68,140123696,rp2040_timer0,capture,dropped_count,0,INFO,0
STS,1,69,140127696,rp2040_timer0,capture,error_flags,0,INFO,0
STS,1,70,156115920,rp2040_timer0,system,uptime_seconds,9,INFO,0
STS,1,71,156119440,rp2040_timer0,capture,event_count,8,INFO,0
STS,1,72,156123120,rp2040_timer0,capture,dropped_count,0,INFO,0
STS,1,73,156126768,rp2040_timer0,capture,error_flags,0,INFO,0
STS,1,74,172116128,rp2040_timer0,system,uptime_seconds,10,INFO,0
STS,1,75,172119760,rp2040_timer0,capture,event_count,9,INFO,0
STS,1,76,172123440,rp2040_timer0,capture,dropped_count,0,INFO,0
STS,1,77,172126928,rp2040_timer0,capture,error_flags,0,INFO,0
STS,1,78,188116416,rp2040_timer0,system,uptime_seconds,11,INFO,0
STS,1,79,188120080,rp2040_timer0,capture,event_count,10,INFO,0
STS,1,80,188124208,rp2040_timer0,capture,dropped_count,0,INFO,0
STS,1,81,188128464,rp2040_timer0,capture,error_flags,0,INFO,0
STS,1,82,204116368,rp2040_timer0,system,uptime_seconds,12,INFO,0
STS,1,83,204120288,rp2040_timer0,capture,event_count,11,INFO,0
STS,1,84,204124128,rp2040_timer0,capture,dropped_count,0,INFO,0
STS,1,85,204128080,rp2040_timer0,capture,error_flags,0,INFO,0
STS,1,86,220116320,rp2040_timer0,system,uptime_seconds,13,INFO,0
STS,1,87,220120192,rp2040_timer0,capture,event_count,12,INFO,0
STS,1,88,220124064,rp2040_timer0,capture,dropped_count,0,INFO,0
STS,1,89,220128112,rp2040_timer0,capture,error_flags,0,INFO,0
STS,1,90,236116288,rp2040_timer0,system,uptime_seconds,14,INFO,0
STS,1,91,236120128,rp2040_timer0,capture,event_count,13,INFO,0
STS,1,92,236123984,rp2040_timer0,capture,dropped_count,0,INFO,0
STS,1,93,236128064,rp2040_timer0,capture,error_flags,0,INFO,0
STS,1,94,252116416,rp2040_timer0,system,uptime_seconds,15,INFO,0
STS,1,95,252120272,rp2040_timer0,capture,event_count,14,INFO,0
STS,1,96,252124448,rp2040_timer0,capture,dropped_count,0,INFO,0
STS,1,97,252128656,rp2040_timer0,capture,error_flags,0,INFO,0
STS,1,98,268116320,rp2040_timer0,system,uptime_seconds,16,INFO,0
STS,1,99,268120352,rp2040_timer0,capture,event_count,15,INFO,0
STS,1,100,268124272,rp2040_timer0,capture,dropped_count,0,INFO,0
STS,1,101,268128528,rp2040_timer0,capture,error_flags,0,INFO,0
STS,1,102,284115936,rp2040_timer0,system,uptime_seconds,17,INFO,0
STS,1,103,284119536,rp2040_timer0,capture,event_count,16,INFO,0
STS,1,104,284123312,rp2040_timer0,capture,dropped_count,0,INFO,0
STS,1,105,284127072,rp2040_timer0,capture,error_flags,0,INFO,0
STS,1,106,300116288,rp2040_timer0,system,uptime_seconds,18,INFO,0
STS,1,107,300120304,rp2040_timer0,capture,event_count,17,INFO,0
STS,1,108,300124464,rp2040_timer0,capture,dropped_count,0,INFO,0
STS,1,109,300128640,rp2040_timer0,capture,error_flags,0,INFO,0
STS,1,110,316116352,rp2040_timer0,system,uptime_seconds,19,INFO,0
STS,1,111,316120416,rp2040_timer0,capture,event_count,18,INFO,0
STS,1,112,316124272,rp2040_timer0,capture,dropped_count,0,INFO,0
STS,1,113,316128336,rp2040_timer0,capture,error_flags,0,INFO,0
STS,1,114,332116256,rp2040_timer0,system,uptime_seconds,20,INFO,0
STS,1,115,332120304,rp2040_timer0,capture,event_count,19,INFO,0
STS,1,116,332124208,rp2040_timer0,capture,dropped_count,0,INFO,0
STS,1,117,332128064,rp2040_timer0,capture,error_flags,0,INFO,0
STS,1,118,348116304,rp2040_timer0,system,uptime_seconds,21,INFO,0
STS,1,119,348120032,rp2040_timer0,capture,event_count,20,INFO,0
STS,1,120,348124080,rp2040_timer0,capture,dropped_count,0,INFO,0
STS,1,121,348128064,rp2040_timer0,capture,error_flags,0,INFO,0
STS,1,122,364116224,rp2040_timer0,system,uptime_seconds,22,INFO,0
STS,1,123,364120128,rp2040_timer0,capture,event_count,21,INFO,0
STS,1,124,364123536,rp2040_timer0,capture,dropped_count,0,INFO,0
STS,1,125,364126928,rp2040_timer0,capture,error_flags,0,INFO,0
STS,1,126,380116240,rp2040_timer0,system,uptime_seconds,23,INFO,0
STS,1,127,380120272,rp2040_timer0,capture,event_count,22,INFO,0
STS,1,128,380124032,rp2040_timer0,capture,dropped_count,0,INFO,0
STS,1,129,380128032,rp2040_timer0,capture,error_flags,0,INFO,0
STS,1,130,396116240,rp2040_timer0,system,uptime_seconds,24,INFO,0
STS,1,131,396120288,rp2040_timer0,capture,event_count,23,INFO,0
STS,1,132,396123712,rp2040_timer0,capture,dropped_count,0,INFO,0
STS,1,133,396126992,rp2040_timer0,capture,error_flags,0,INFO,0
STS,1,134,412116288,rp2040_timer0,system,uptime_seconds,25,INFO,0
STS,1,135,412120112,rp2040_timer0,capture,event_count,24,INFO,0
STS,1,136,412124048,rp2040_timer0,capture,dropped_count,0,INFO,0
STS,1,137,412128048,rp2040_timer0,capture,error_flags,0,INFO,0
STS,1,138,428116144,rp2040_timer0,system,uptime_seconds,26,INFO,0
STS,1,139,428120016,rp2040_timer0,capture,event_count,25,INFO,0
STS,1,140,428123840,rp2040_timer0,capture,dropped_count,0,INFO,0
STS,1,141,428127840,rp2040_timer0,capture,error_flags,0,INFO,0
STS,1,142,444116160,rp2040_timer0,system,uptime_seconds,27,INFO,0
STS,1,143,444120112,rp2040_timer0,capture,event_count,26,INFO,0
STS,1,144,444124112,rp2040_timer0,capture,dropped_count,0,INFO,0
STS,1,145,444128032,rp2040_timer0,capture,error_flags,0,INFO,0
STS,1,146,460116160,rp2040_timer0,system,uptime_seconds,28,INFO,0
STS,1,147,460120624,rp2040_timer0,capture,event_count,27,INFO,0
STS,1,148,460124768,rp2040_timer0,capture,dropped_count,0,INFO,0
STS,1,149,460128480,rp2040_timer0,capture,error_flags,0,INFO,0
STS,1,150,476116160,rp2040_timer0,system,uptime_seconds,29,INFO,0
STS,1,151,476120336,rp2040_timer0,capture,event_count,28,INFO,0
STS,1,152,476124400,rp2040_timer0,capture,dropped_count,0,INFO,0
STS,1,153,476128208,rp2040_timer0,capture,error_flags,0,INFO,0
STS,1,154,492116144,rp2040_timer0,system,uptime_seconds,30,INFO,0
STS,1,155,492120384,rp2040_timer0,capture,event_count,29,INFO,0
STS,1,156,492124288,rp2040_timer0,capture,dropped_count,0,INFO,0
STS,1,157,492128272,rp2040_timer0,capture,error_flags,0,INFO,0
STS,1,158,508116144,rp2040_timer0,system,uptime_seconds,31,INFO,0
STS,1,159,508120608,rp2040_timer0,capture,event_count,30,INFO,0
STS,1,160,508124688,rp2040_timer0,capture,dropped_count,0,INFO,0
STS,1,161,508128320,rp2040_timer0,capture,error_flags,0,INFO,0
STS,1,162,524116144,rp2040_timer0,system,uptime_seconds,32,INFO,0
STS,1,163,524120448,rp2040_timer0,capture,event_count,31,INFO,0
STS,1,164,524124512,rp2040_timer0,capture,dropped_count,0,INFO,0
STS,1,165,524128384,rp2040_timer0,capture,error_flags,0,INFO,0
STS,1,166,540116160,rp2040_timer0,system,uptime_seconds,33,INFO,0
STS,1,167,540120320,rp2040_timer0,capture,event_count,32,INFO,0
STS,1,168,540124288,rp2040_timer0,capture,dropped_count,0,INFO,0
STS,1,169,540128112,rp2040_timer0,capture,error_flags,0,INFO,0
STS,1,170,556115984,rp2040_timer0,system,uptime_seconds,34,INFO,0
STS,1,171,556120080,rp2040_timer0,capture,event_count,33,INFO,0
STS,1,172,556123952,rp2040_timer0,capture,dropped_count,0,INFO,0
STS,1,173,556127888,rp2040_timer0,capture,error_flags,0,INFO,0
STS,1,174,572116080,rp2040_timer0,system,uptime_seconds,35,INFO,0
STS,1,175,572119984,rp2040_timer0,capture,event_count,34,INFO,0
STS,1,176,572124288,rp2040_timer0,capture,dropped_count,0,INFO,0
STS,1,177,572128096,rp2040_timer0,capture,error_flags,0,INFO,0
STS,1,178,588115984,rp2040_timer0,system,uptime_seconds,36,INFO,0
STS,1,179,588119904,rp2040_timer0,capture,event_count,35,INFO,0
STS,1,180,588124048,rp2040_timer0,capture,dropped_count,0,INFO,0
STS,1,181,588128016,rp2040_timer0,capture,error_flags,0,INFO,0
STS,1,182,604116032,rp2040_timer0,system,uptime_seconds,37,INFO,0
STS,1,183,604120000,rp2040_timer0,capture,event_count,36,INFO,0
STS,1,184,604124192,rp2040_timer0,capture,dropped_count,0,INFO,0
STS,1,185,604128192,rp2040_timer0,capture,error_flags,0,INFO,0
STS,1,186,620116032,rp2040_timer0,system,uptime_seconds,38,INFO,0
STS,1,187,620120080,rp2040_timer0,capture,event_count,37,INFO,0
STS,1,188,620124240,rp2040_timer0,capture,dropped_count,0,INFO,0
STS,1,189,620128048,rp2040_timer0,capture,error_flags,0,INFO,0
STS,1,190,636116048,rp2040_timer0,system,uptime_seconds,39,INFO,0
STS,1,191,636120112,rp2040_timer0,capture,event_count,38,INFO,0
STS,1,192,636124064,rp2040_timer0,capture,dropped_count,0,INFO,0
STS,1,193,636127712,rp2040_timer0,capture,error_flags,0,INFO,0
STS,1,194,652116000,rp2040_timer0,system,uptime_seconds,40,INFO,0
STS,1,195,652119744,rp2040_timer0,capture,event_count,39,INFO,0
STS,1,196,652123824,rp2040_timer0,capture,dropped_count,0,INFO,0
STS,1,197,652127728,rp2040_timer0,capture,error_flags,0,INFO,0
STS,1,198,668116048,rp2040_timer0,system,uptime_seconds,41,INFO,0
STS,1,199,668119840,rp2040_timer0,capture,event_count,40,INFO,0
STS,1,200,668123728,rp2040_timer0,capture,dropped_count,0,INFO,0
STS,1,201,668127424,rp2040_timer0,capture,error_flags,0,INFO,0
STS,1,202,684116016,rp2040_timer0,system,uptime_seconds,42,INFO,0
STS,1,203,684120016,rp2040_timer0,capture,event_count,41,INFO,0
STS,1,204,684123856,rp2040_timer0,capture,dropped_count,0,INFO,0
STS,1,205,684127904,rp2040_timer0,capture,error_flags,0,INFO,0
STS,1,206,700116016,rp2040_timer0,system,uptime_seconds,43,INFO,0
STS,1,207,700120000,rp2040_timer0,capture,event_count,42,INFO,0
STS,1,208,700123792,rp2040_timer0,capture,dropped_count,0,INFO,0
STS,1,209,700127968,rp2040_timer0,capture,error_flags,0,INFO,0
STS,1,210,716116032,rp2040_timer0,system,uptime_seconds,44,INFO,0
STS,1,211,716119904,rp2040_timer0,capture,event_count,43,INFO,0
STS,1,212,716124048,rp2040_timer0,capture,dropped_count,0,INFO,0
STS,1,213,716127840,rp2040_timer0,capture,error_flags,0,INFO,0
STS,1,214,732116016,rp2040_timer0,system,uptime_seconds,45,INFO,0
STS,1,215,732119696,rp2040_timer0,capture,event_count,44,INFO,0
STS,1,216,732123664,rp2040_timer0,capture,dropped_count,0,INFO,0
STS,1,217,732127792,rp2040_timer0,capture,error_flags,0,INFO,0
STS,1,218,748115904,rp2040_timer0,system,uptime_seconds,46,INFO,0
STS,1,219,748119824,rp2040_timer0,capture,event_count,45,INFO,0
STS,1,220,748123856,rp2040_timer0,capture,dropped_count,0,INFO,0
STS,1,221,748128032,rp2040_timer0,capture,error_flags,0,INFO,0
STS,1,222,764116192,rp2040_timer0,system,uptime_seconds,47,INFO,0
STS,1,223,764120256,rp2040_timer0,capture,event_count,46,INFO,0
STS,1,224,764124128,rp2040_timer0,capture,dropped_count,0,INFO,0
STS,1,225,764128176,rp2040_timer0,capture,error_flags,0,INFO,0
STS,1,226,780115888,rp2040_timer0,system,uptime_seconds,48,INFO,0
STS,1,227,780119744,rp2040_timer0,capture,event_count,47,INFO,0
STS,1,228,780123760,rp2040_timer0,capture,dropped_count,0,INFO,0
STS,1,229,780127888,rp2040_timer0,capture,error_flags,0,INFO,0
STS,1,230,796115872,rp2040_timer0,system,uptime_seconds,49,INFO,0
STS,1,231,796119648,rp2040_timer0,capture,event_count,48,INFO,0
STS,1,232,796123584,rp2040_timer0,capture,dropped_count,0,INFO,0
STS,1,233,796127456,rp2040_timer0,capture,error_flags,0,INFO,0
STS,1,234,812116112,rp2040_timer0,system,uptime_seconds,50,INFO,0
STS,1,235,812120208,rp2040_timer0,capture,event_count,49,INFO,0
STS,1,236,812124096,rp2040_timer0,capture,dropped_count,0,INFO,0
STS,1,237,812128016,rp2040_timer0,capture,error_flags,0,INFO,0
STS,1,238,828115920,rp2040_timer0,system,uptime_seconds,51,INFO,0
STS,1,239,828119776,rp2040_timer0,capture,event_count,50,INFO,0
STS,1,240,828123808,rp2040_timer0,capture,dropped_count,0,INFO,0
STS,1,241,828127616,rp2040_timer0,capture,error_flags,0,INFO,0
STS,1,242,844116096,rp2040_timer0,system,uptime_seconds,52,INFO,0
STS,1,243,844120208,rp2040_timer0,capture,event_count,51,INFO,0
STS,1,244,844124144,rp2040_timer0,capture,dropped_count,0,INFO,0
STS,1,245,844127728,rp2040_timer0,capture,error_flags,0,INFO,0
STS,1,246,860116096,rp2040_timer0,system,uptime_seconds,53,INFO,0
STS,1,247,860120128,rp2040_timer0,capture,event_count,52,INFO,0
STS,1,248,860124048,rp2040_timer0,capture,dropped_count,0,INFO,0
STS,1,249,860127664,rp2040_timer0,capture,error_flags,0,INFO,0
STS,1,250,876115968,rp2040_timer0,system,uptime_seconds,54,INFO,0
STS,1,251,876119872,rp2040_timer0,capture,event_count,53,INFO,0
STS,1,252,876123600,rp2040_timer0,capture,dropped_count,0,INFO,0
STS,1,253,876127360,rp2040_timer0,capture,error_flags,0,INFO,0
STS,1,254,892115808,rp2040_timer0,system,uptime_seconds,55,INFO,0
STS,1,255,892119504,rp2040_timer0,capture,event_count,54,INFO,0
STS,1,256,892123408,rp2040_timer0,capture,dropped_count,0,INFO,0
STS,1,257,892127248,rp2040_timer0,capture,error_flags,0,INFO,0
STS,1,258,908115968,rp2040_timer0,system,uptime_seconds,56,INFO,0
STS,1,259,908120000,rp2040_timer0,capture,event_count,55,INFO,0
STS,1,260,908124176,rp2040_timer0,capture,dropped_count,0,INFO,0
STS,1,261,908127872,rp2040_timer0,capture,error_flags,0,INFO,0
STS,1,262,924116144,rp2040_timer0,system,uptime_seconds,57,INFO,0
STS,1,263,924120400,rp2040_timer0,capture,event_count,56,INFO,0
STS,1,264,924124240,rp2040_timer0,capture,dropped_count,0,INFO,0
STS,1,265,924127936,rp2040_timer0,capture,error_flags,0,INFO,0
STS,1,266,940115936,rp2040_timer0,system,uptime_seconds,58,INFO,0
STS,1,267,940120224,rp2040_timer0,capture,event_count,57,INFO,0
STS,1,268,940124240,rp2040_timer0,capture,dropped_count,0,INFO,0
STS,1,269,940127744,rp2040_timer0,capture,error_flags,0,INFO,0
STS,1,270,956116000,rp2040_timer0,system,uptime_seconds,59,INFO,0
STS,1,271,956120016,rp2040_timer0,capture,event_count,58,INFO,0
STS,1,272,956123920,rp2040_timer0,capture,dropped_count,0,INFO,0
STS,1,273,956127776,rp2040_timer0,capture,error_flags,0,INFO,0
STS,1,274,972115936,rp2040_timer0,system,uptime_seconds,60,INFO,0
STS,1,275,972120368,rp2040_timer0,capture,event_count,59,INFO,0
STS,1,276,972124336,rp2040_timer0,capture,dropped_count,0,INFO,0
STS,1,277,972127952,rp2040_timer0,capture,error_flags,0,INFO,0
STS,1,278,988116016,rp2040_timer0,system,uptime_seconds,61,INFO,0
STS,1,279,988120112,rp2040_timer0,capture,event_count,60,INFO,0
STS,1,280,988124208,rp2040_timer0,capture,dropped_count,0,INFO,0
STS,1,281,988127824,rp2040_timer0,capture,error_flags,0,INFO,0
STS,1,282,1004115952,rp2040_timer0,system,uptime_seconds,62,INFO,0
STS,1,283,1004120256,rp2040_timer0,capture,event_count,61,INFO,0
STS,1,284,1004124064,rp2040_timer0,capture,dropped_count,0,INFO,0
STS,1,285,1004127536,rp2040_timer0,capture,error_flags,0,INFO,0
STS,1,286,1020115952,rp2040_timer0,system,uptime_seconds,63,INFO,0
STS,1,287,1020120288,rp2040_timer0,capture,event_count,62,INFO,0
STS,1,288,1020124224,rp2040_timer0,capture,dropped_count,0,INFO,0
STS,1,289,1020127904,rp2040_timer0,capture,error_flags,0,INFO,0
STS,1,290,1036115888,rp2040_timer0,system,uptime_seconds,64,INFO,0
STS,1,291,1036120016,rp2040_timer0,capture,event_count,63,INFO,0
STS,1,292,1036124096,rp2040_timer0,capture,dropped_count,0,INFO,0
STS,1,293,1036127792,rp2040_timer0,capture,error_flags,0,INFO,0
STS,1,294,1052115952,rp2040_timer0,system,uptime_seconds,65,INFO,0
STS,1,295,1052119792,rp2040_timer0,capture,event_count,64,INFO,0
STS,1,296,1052124272,rp2040_timer0,capture,dropped_count,0,INFO,0
STS,1,297,1052127952,rp2040_timer0,capture,error_flags,0,INFO,0
STS,1,298,1068116112,rp2040_timer0,system,uptime_seconds,66,INFO,0
STS,1,299,1068120144,rp2040_timer0,capture,event_count,65,INFO,0
STS,1,300,1068124064,rp2040_timer0,capture,dropped_count,0,INFO,0
STS,1,301,1068127760,rp2040_timer0,capture,error_flags,0,INFO,0
STS,1,302,1084115984,rp2040_timer0,system,uptime_seconds,67,INFO,0
STS,1,303,1084120112,rp2040_timer0,capture,event_count,66,INFO,0
STS,1,304,1084124416,rp2040_timer0,capture,dropped_count,0,INFO,0
STS,1,305,1084127904,rp2040_timer0,capture,error_flags,0,INFO,0
STS,1,306,1100115824,rp2040_timer0,system,uptime_seconds,68,INFO,0
STS,1,307,1100119872,rp2040_timer0,capture,event_count,67,INFO,0
STS,1,308,1100123968,rp2040_timer0,capture,dropped_count,0,INFO,0
STS,1,309,1100127680,rp2040_timer0,capture,error_flags,0,INFO,0
STS,1,310,1116116016,rp2040_timer0,system,uptime_seconds,69,INFO,0
STS,1,311,1116119984,rp2040_timer0,capture,event_count,68,INFO,0
STS,1,312,1116124048,rp2040_timer0,capture,dropped_count,0,INFO,0
STS,1,313,1116127712,rp2040_timer0,capture,error_flags,0,INFO,0
STS,1,314,1132115728,rp2040_timer0,system,uptime_seconds,70,INFO,0
STS,1,315,1132119744,rp2040_timer0,capture,event_count,69,INFO,0
STS,1,316,1132123776,rp2040_timer0,capture,dropped_count,0,INFO,0
STS,1,317,1132127296,rp2040_timer0,capture,error_flags,0,INFO,0
STS,1,318,1148115952,rp2040_timer0,system,uptime_seconds,71,INFO,0
STS,1,319,1148119968,rp2040_timer0,capture,event_count,70,INFO,0
STS,1,320,1148124064,rp2040_timer0,capture,dropped_count,0,INFO,0
STS,1,321,1148127568,rp2040_timer0,capture,error_flags,0,INFO,0
STS,1,322,1164115904,rp2040_timer0,system,uptime_seconds,72,INFO,0
STS,1,323,1164120032,rp2040_timer0,capture,event_count,71,INFO,0
STS,1,324,1164124320,rp2040_timer0,capture,dropped_count,0,INFO,0
STS,1,325,1164127680,rp2040_timer0,capture,error_flags,0,INFO,0
STS,1,326,1180115904,rp2040_timer0,system,uptime_seconds,73,INFO,0
STS,1,327,1180119696,rp2040_timer0,capture,event_count,72,INFO,0
STS,1,328,1180123792,rp2040_timer0,capture,dropped_count,0,INFO,0
STS,1,329,1180127504,rp2040_timer0,capture,error_flags,0,INFO,0
STS,1,330,1196116128,rp2040_timer0,system,uptime_seconds,74,INFO,0
STS,1,331,1196120096,rp2040_timer0,capture,event_count,73,INFO,0
STS,1,332,1196124528,rp2040_timer0,capture,dropped_count,0,INFO,0
STS,1,333,1196127712,rp2040_timer0,capture,error_flags,0,INFO,0
STS,1,334,1212116144,rp2040_timer0,system,uptime_seconds,75,INFO,0
STS,1,335,1212120128,rp2040_timer0,capture,event_count,74,INFO,0
STS,1,336,1212124048,rp2040_timer0,capture,dropped_count,0,INFO,0
STS,1,337,1212127632,rp2040_timer0,capture,error_flags,0,INFO,0
STS,1,338,1228115648,rp2040_timer0,system,uptime_seconds,76,INFO,0
STS,1,339,1228119600,rp2040_timer0,capture,event_count,75,INFO,0
STS,1,340,1228123472,rp2040_timer0,capture,dropped_count,0,INFO,0
STS,1,341,1228127360,rp2040_timer0,capture,error_flags,0,INFO,0
STS,1,342,1244115792,rp2040_timer0,system,uptime_seconds,77,INFO,0
STS,1,343,1244119904,rp2040_timer0,capture,event_count,76,INFO,0
STS,1,344,1244123824,rp2040_timer0,capture,dropped_count,0,INFO,0
STS,1,345,1244127376,rp2040_timer0,capture,error_flags,0,INFO,0
STS,1,346,1260115776,rp2040_timer0,system,uptime_seconds,78,INFO,0
STS,1,347,1260119808,rp2040_timer0,capture,event_count,77,INFO,0
STS,1,348,1260123664,rp2040_timer0,capture,dropped_count,0,INFO,0
STS,1,349,1260127536,rp2040_timer0,capture,error_flags,0,INFO,0
STS,1,350,1276115792,rp2040_timer0,system,uptime_seconds,79,INFO,0
STS,1,351,1276119664,rp2040_timer0,capture,event_count,78,INFO,0
STS,1,352,1276123968,rp2040_timer0,capture,dropped_count,0,INFO,0
STS,1,353,1276127712,rp2040_timer0,capture,error_flags,0,INFO,0
STS,1,354,1292115760,rp2040_timer0,system,uptime_seconds,80,INFO,0
STS,1,355,1292119760,rp2040_timer0,capture,event_count,79,INFO,0
STS,1,356,1292123504,rp2040_timer0,capture,dropped_count,0,INFO,0
STS,1,357,1292127136,rp2040_timer0,capture,error_flags,0,INFO,0
STS,1,358,1308115936,rp2040_timer0,system,uptime_seconds,81,INFO,0
STS,1,359,1308119888,rp2040_timer0,capture,event_count,80,INFO,0
STS,1,360,1308123856,rp2040_timer0,capture,dropped_count,0,INFO,0
STS,1,361,1308127392,rp2040_timer0,capture,error_flags,0,INFO,0
STS,1,362,1324116144,rp2040_timer0,system,uptime_seconds,82,INFO,0
STS,1,363,1324120128,rp2040_timer0,capture,event_count,81,INFO,0
STS,1,364,1324124096,rp2040_timer0,capture,dropped_count,0,INFO,0
STS,1,365,1324127424,rp2040_timer0,capture,error_flags,0,INFO,0
STS,1,366,1340115984,rp2040_timer0,system,uptime_seconds,83,INFO,0
STS,1,367,1340119968,rp2040_timer0,capture,event_count,82,INFO,0
STS,1,368,1340123888,rp2040_timer0,capture,dropped_count,0,INFO,0
STS,1,369,1340127184,rp2040_timer0,capture,error_flags,0,INFO,0
STS,1,370,1356116176,rp2040_timer0,system,uptime_seconds,84,INFO,0
STS,1,371,1356120160,rp2040_timer0,capture,event_count,83,INFO,0
STS,1,372,1356124208,rp2040_timer0,capture,dropped_count,0,INFO,0
STS,1,373,1356127552,rp2040_timer0,capture,error_flags,0,INFO,0
STS,1,374,1372116112,rp2040_timer0,system,uptime_seconds,85,INFO,0
STS,1,375,1372120096,rp2040_timer0,capture,event_count,84,INFO,0
STS,1,376,1372124000,rp2040_timer0,capture,dropped_count,0,INFO,0
STS,1,377,1372127328,rp2040_timer0,capture,error_flags,0,INFO,0
STS,1,378,1388116464,rp2040_timer0,system,uptime_seconds,86,INFO,0
STS,1,379,1388120608,rp2040_timer0,capture,event_count,85,INFO,0
STS,1,380,1388124352,rp2040_timer0,capture,dropped_count,0,INFO,0
STS,1,381,1388127488,rp2040_timer0,capture,error_flags,0,INFO,0
STS,1,382,1404116048,rp2040_timer0,system,uptime_seconds,87,INFO,0
STS,1,383,1404120048,rp2040_timer0,capture,event_count,86,INFO,0
STS,1,384,1404124176,rp2040_timer0,capture,dropped_count,0,INFO,0
STS,1,385,1404127344,rp2040_timer0,capture,error_flags,0,INFO,0
STS,1,386,1420116096,rp2040_timer0,system,uptime_seconds,88,INFO,0
STS,1,387,1420120448,rp2040_timer0,capture,event_count,87,INFO,0
STS,1,388,1420124448,rp2040_timer0,capture,dropped_count,0,INFO,0
STS,1,389,1420127632,rp2040_timer0,capture,error_flags,0,INFO,0
STS,1,390,1436116096,rp2040_timer0,system,uptime_seconds,89,INFO,0
STS,1,391,1436120224,rp2040_timer0,capture,event_count,88,INFO,0
STS,1,392,1436124144,rp2040_timer0,capture,dropped_count,0,INFO,0
STS,1,393,1436127296,rp2040_timer0,capture,error_flags,0,INFO,0
STS,1,394,1452116576,rp2040_timer0,system,uptime_seconds,90,INFO,0
STS,1,395,1452121040,rp2040_timer0,capture,event_count,89,INFO,0
STS,1,396,1452124480,rp2040_timer0,capture,dropped_count,0,INFO,0
STS,1,397,1452127472,rp2040_timer0,capture,error_flags,0,INFO,0
STS,1,398,1468116224,rp2040_timer0,system,uptime_seconds,91,INFO,0
STS,1,399,1468120608,rp2040_timer0,capture,event_count,90,INFO,0
STS,1,400,1468124816,rp2040_timer0,capture,dropped_count,0,INFO,0
STS,1,401,1468127728,rp2040_timer0,capture,error_flags,0,INFO,0
STS,1,402,1484116544,rp2040_timer0,system,uptime_seconds,92,INFO,0
STS,1,403,1484120720,rp2040_timer0,capture,event_count,91,INFO,0
STS,1,404,1484124624,rp2040_timer0,capture,dropped_count,0,INFO,0
STS,1,405,1484127648,rp2040_timer0,capture,error_flags,0,INFO,0
STS,1,406,1500116304,rp2040_timer0,system,uptime_seconds,93,INFO,0
STS,1,407,1500120288,rp2040_timer0,capture,event_count,92,INFO,0
STS,1,408,1500124528,rp2040_timer0,capture,dropped_count,0,INFO,0
STS,1,409,1500127568,rp2040_timer0,capture,error_flags,0,INFO,0
STS,1,410,1516116608,rp2040_timer0,system,uptime_seconds,94,INFO,0
STS,1,411,1516120752,rp2040_timer0,capture,event_count,93,INFO,0
STS,1,412,1516125008,rp2040_timer0,capture,dropped_count,0,INFO,0
STS,1,413,1516127712,rp2040_timer0,capture,error_flags,0,INFO,0
STS,1,414,1532116544,rp2040_timer0,system,uptime_seconds,95,INFO,0
STS,1,415,1532120592,rp2040_timer0,capture,event_count,94,INFO,0
STS,1,416,1532124752,rp2040_timer0,capture,dropped_count,0,INFO,0
STS,1,417,1532127568,rp2040_timer0,capture,error_flags,0,INFO,0
STS,1,418,1548116640,rp2040_timer0,system,uptime_seconds,96,INFO,0
STS,1,419,1548120736,rp2040_timer0,capture,event_count,95,INFO,0
STS,1,420,1548124880,rp2040_timer0,capture,dropped_count,0,INFO,0
STS,1,421,1548127712,rp2040_timer0,capture,error_flags,0,INFO,0
STS,1,422,1564116864,rp2040_timer0,system,uptime_seconds,97,INFO,0
STS,1,423,1564120800,rp2040_timer0,capture,event_count,96,INFO,0
STS,1,424,1564124880,rp2040_timer0,capture,dropped_count,0,INFO,0
STS,1,425,1564127584,rp2040_timer0,capture,error_flags,0,INFO,0
STS,1,426,1580116960,rp2040_timer0,system,uptime_seconds,98,INFO,0
STS,1,427,1580120960,rp2040_timer0,capture,event_count,97,INFO,0
STS,1,428,1580125056,rp2040_timer0,capture,dropped_count,0,INFO,0
STS,1,429,1580127680,rp2040_timer0,capture,error_flags,0,INFO,0
STS,1,430,1596116528,rp2040_timer0,system,uptime_seconds,99,INFO,0
STS,1,431,1596120384,rp2040_timer0,capture,event_count,98,INFO,0
STS,1,432,1596124224,rp2040_timer0,capture,dropped_count,0,INFO,0
STS,1,433,1596127200,rp2040_timer0,capture,error_flags,0,INFO,0
STS,1,434,1612116816,rp2040_timer0,system,uptime_seconds,100,INFO,0
STS,1,435,1612120816,rp2040_timer0,capture,event_count,99,INFO,0
STS,1,436,1612125120,rp2040_timer0,capture,dropped_count,0,INFO,0
STS,1,437,1612127728,rp2040_timer0,capture,error_flags,0,INFO,0
STS,1,438,1628117056,rp2040_timer0,system,uptime_seconds,101,INFO,0
STS,1,439,1628120736,rp2040_timer0,capture,event_count,100,INFO,0
STS,1,440,1628123920,rp2040_timer0,capture,dropped_count,0,INFO,0
STS,1,441,1628127216,rp2040_timer0,capture,error_flags,0,INFO,0
STS,1,442,1644117040,rp2040_timer0,system,uptime_seconds,102,INFO,0
STS,1,443,1644120976,rp2040_timer0,capture,event_count,101,INFO,0
STS,1,444,1644124832,rp2040_timer0,capture,dropped_count,0,INFO,0
STS,1,445,1644127728,rp2040_timer0,capture,error_flags,0,INFO,0
STS,1,446,1660117072,rp2040_timer0,system,uptime_seconds,103,INFO,0
STS,1,447,1660121056,rp2040_timer0,capture,event_count,102,INFO,0
STS,1,448,1660125072,rp2040_timer0,capture,dropped_count,0,INFO,0
STS,1,449,1660127808,rp2040_timer0,capture,error_flags,0,INFO,0
STS,1,450,1676116960,rp2040_timer0,system,uptime_seconds,104,INFO,0
STS,1,451,1676120944,rp2040_timer0,capture,event_count,103,INFO,0
STS,1,452,1676124672,rp2040_timer0,capture,dropped_count,0,INFO,0
STS,1,453,1676127600,rp2040_timer0,capture,error_flags,0,INFO,0
STS,1,454,1692116448,rp2040_timer0,system,uptime_seconds,105,INFO,0
STS,1,455,1692120336,rp2040_timer0,capture,event_count,104,INFO,0
STS,1,456,1692123632,rp2040_timer0,capture,dropped_count,0,INFO,0
STS,1,457,1692126560,rp2040_timer0,capture,error_flags,0,INFO,0
STS,1,458,1708116736,rp2040_timer0,system,uptime_seconds,106,INFO,0
STS,1,459,1708120560,rp2040_timer0,capture,event_count,105,INFO,0
STS,1,460,1708124624,rp2040_timer0,capture,dropped_count,0,INFO,0
STS,1,461,1708127248,rp2040_timer0,capture,error_flags,0,INFO,0
STS,1,462,1724117168,rp2040_timer0,system,uptime_seconds,107,INFO,0
STS,1,463,1724121056,rp2040_timer0,capture,event_count,106,INFO,0
STS,1,464,1724125120,rp2040_timer0,capture,dropped_count,0,INFO,0
STS,1,465,1724127664,rp2040_timer0,capture,error_flags,0,INFO,0
STS,1,466,1740116784,rp2040_timer0,system,uptime_seconds,108,INFO,0
STS,1,467,1740120880,rp2040_timer0,capture,event_count,107,INFO,0
STS,1,468,1740124784,rp2040_timer0,capture,dropped_count,0,INFO,0
STS,1,469,1740127456,rp2040_timer0,capture,error_flags,0,INFO,0
STS,1,470,1756116624,rp2040_timer0,system,uptime_seconds,109,INFO,0
STS,1,471,1756120608,rp2040_timer0,capture,event_count,108,INFO,0
STS,1,472,1756124720,rp2040_timer0,capture,dropped_count,0,INFO,0
STS,1,473,1756127376,rp2040_timer0,capture,error_flags,0,INFO,0
STS,1,474,1772116896,rp2040_timer0,system,uptime_seconds,110,INFO,0
STS,1,475,1772120864,rp2040_timer0,capture,event_count,109,INFO,0
STS,1,476,1772124720,rp2040_timer0,capture,dropped_count,0,INFO,0
STS,1,477,1772127424,rp2040_timer0,capture,error_flags,0,INFO,0
STS,1,478,1788117040,rp2040_timer0,system,uptime_seconds,111,INFO,0
STS,1,479,1788121040,rp2040_timer0,capture,event_count,110,INFO,0
STS,1,480,1788124848,rp2040_timer0,capture,dropped_count,0,INFO,0
STS,1,481,1788127520,rp2040_timer0,capture,error_flags,0,INFO,0
STS,1,482,1804116912,rp2040_timer0,system,uptime_seconds,112,INFO,0
STS,1,483,1804120928,rp2040_timer0,capture,event_count,111,INFO,0
STS,1,484,1804124752,rp2040_timer0,capture,dropped_count,0,INFO,0
STS,1,485,1804127456,rp2040_timer0,capture,error_flags,0,INFO,0
STS,1,486,1820116896,rp2040_timer0,system,uptime_seconds,113,INFO,0
STS,1,487,1820120880,rp2040_timer0,capture,event_count,112,INFO,0
STS,1,488,1820124896,rp2040_timer0,capture,dropped_count,0,INFO,0
STS,1,489,1820127456,rp2040_timer0,capture,error_flags,0,INFO,0
STS,1,490,1836116976,rp2040_timer0,system,uptime_seconds,114,INFO,0
STS,1,491,1836120480,rp2040_timer0,capture,event_count,113,INFO,0
STS,1,492,1836123744,rp2040_timer0,capture,dropped_count,0,INFO,0
STS,1,493,1836126656,rp2040_timer0,capture,error_flags,0,INFO,0
STS,1,494,1852117024,rp2040_timer0,system,uptime_seconds,115,INFO,0
STS,1,495,1852120720,rp2040_timer0,capture,event_count,114,INFO,0
STS,1,496,1852124176,rp2040_timer0,capture,dropped_count,0,INFO,0
STS,1,497,1852127056,rp2040_timer0,capture,error_flags,0,INFO,0
STS,1,498,1868117296,rp2040_timer0,system,uptime_seconds,116,INFO,0
STS,1,499,1868121440,rp2040_timer0,capture,event_count,115,INFO,0
STS,1,500,1868125488,rp2040_timer0,capture,dropped_count,0,INFO,0
STS,1,501,1868128256,rp2040_timer0,capture,error_flags,0,INFO,0
STS,1,502,1884116624,rp2040_timer0,system,uptime_seconds,117,INFO,0
STS,1,503,1884120816,rp2040_timer0,capture,event_count,116,INFO,0
STS,1,504,1884124448,rp2040_timer0,capture,dropped_count,0,INFO,0
STS,1,505,1884127344,rp2040_timer0,capture,error_flags,0,INFO,0
STS,1,506,1900117072,rp2040_timer0,system,uptime_seconds,118,INFO,0
STS,1,507,1900121360,rp2040_timer0,capture,event_count,117,INFO,0
STS,1,508,1900125296,rp2040_timer0,capture,dropped_count,0,INFO,0
STS,1,509,1900128112,rp2040_timer0,capture,error_flags,0,INFO,0
STS,1,510,1916116864,rp2040_timer0,system,uptime_seconds,119,INFO,0
STS,1,511,1916121152,rp2040_timer0,capture,event_count,118,INFO,0
STS,1,512,1916124928,rp2040_timer0,capture,dropped_count,0,INFO,0
STS,1,513,1916127472,rp2040_timer0,capture,error_flags,0,INFO,0
STS,1,514,1932116640,rp2040_timer0,system,uptime_seconds,120,INFO,0
STS,1,515,1932121008,rp2040_timer0,capture,event_count,119,INFO,0
STS,1,516,1932125360,rp2040_timer0,capture,dropped_count,0,INFO,0
STS,1,517,1932128128,rp2040_timer0,capture,error_flags,0,INFO,0
STS,1,518,1948116608,rp2040_timer0,system,uptime_seconds,121,INFO,0
STS,1,519,1948120800,rp2040_timer0,capture,event_count,120,INFO,0
STS,1,520,1948124496,rp2040_timer0,capture,dropped_count,0,INFO,0
STS,1,521,1948127360,rp2040_timer0,capture,error_flags,0,INFO,0
STS,1,522,1964116672,rp2040_timer0,system,uptime_seconds,122,INFO,0
STS,1,523,1964120464,rp2040_timer0,capture,event_count,121,INFO,0
STS,1,524,1964124224,rp2040_timer0,capture,dropped_count,0,INFO,0
STS,1,525,1964127088,rp2040_timer0,capture,error_flags,0,INFO,0
STS,1,526,1980116656,rp2040_timer0,system,uptime_seconds,123,INFO,0
STS,1,527,1980120576,rp2040_timer0,capture,event_count,122,INFO,0
STS,1,528,1980124848,rp2040_timer0,capture,dropped_count,0,INFO,0
STS,1,529,1980127632,rp2040_timer0,capture,error_flags,0,INFO,0
STS,1,530,1996116976,rp2040_timer0,system,uptime_seconds,124,INFO,0
STS,1,531,1996121136,rp2040_timer0,capture,event_count,123,INFO,0
STS,1,532,1996125344,rp2040_timer0,capture,dropped_count,0,INFO,0
STS,1,533,1996128112,rp2040_timer0,capture,error_flags,0,INFO,0
STS,1,534,2012116896,rp2040_timer0,system,uptime_seconds,125,INFO,0
STS,1,535,2012120896,rp2040_timer0,capture,event_count,124,INFO,0
STS,1,536,2012124832,rp2040_timer0,capture,dropped_count,0,INFO,0
STS,1,537,2012127872,rp2040_timer0,capture,error_flags,0,INFO,0
STS,1,538,2028116720,rp2040_timer0,system,uptime_seconds,126,INFO,0
STS,1,539,2028120864,rp2040_timer0,capture,event_count,125,INFO,0
STS,1,540,2028124960,rp2040_timer0,capture,dropped_count,0,INFO,0
STS,1,541,2028127776,rp2040_timer0,capture,error_flags,0,INFO,0
STS,1,542,2044116736,rp2040_timer0,system,uptime_seconds,127,INFO,0
STS,1,543,2044120880,rp2040_timer0,capture,event_count,126,INFO,0
STS,1,544,2044125120,rp2040_timer0,capture,dropped_count,0,INFO,0
STS,1,545,2044127968,rp2040_timer0,capture,error_flags,0,INFO,0
STS,1,546,2060117104,rp2040_timer0,system,uptime_seconds,128,INFO,0
STS,1,547,2060120464,rp2040_timer0,capture,event_count,127,INFO,0
STS,1,548,2060123504,rp2040_timer0,capture,dropped_count,0,INFO,0
STS,1,549,2060126784,rp2040_timer0,capture,error_flags,0,INFO,0
STS,1,550,2076117040,rp2040_timer0,system,uptime_seconds,129,INFO,0
STS,1,551,2076120896,rp2040_timer0,capture,event_count,128,INFO,0
STS,1,552,2076124496,rp2040_timer0,capture,dropped_count,0,INFO,0
STS,1,553,2076127536,rp2040_timer0,capture,error_flags,0,INFO,0
STS,1,554,2092116752,rp2040_timer0,system,uptime_seconds,130,INFO,0
STS,1,555,2092120736,rp2040_timer0,capture,event_count,129,INFO,0
STS,1,556,2092124848,rp2040_timer0,capture,dropped_count,0,INFO,0
STS,1,557,2092128032,rp2040_timer0,capture,error_flags,0,INFO,0
STS,1,558,2108116800,rp2040_timer0,system,uptime_seconds,131,INFO,0
STS,1,559,2108120640,rp2040_timer0,capture,event_count,130,INFO,0
STS,1,560,2108124176,rp2040_timer0,capture,dropped_count,0,INFO,0
STS,1,561,2108127632,rp2040_timer0,capture,error_flags,0,INFO,0
STS,1,562,2124116992,rp2040_timer0,system,uptime_seconds,132,INFO,0
STS,1,563,2124120928,rp2040_timer0,capture,event_count,131,INFO,0
STS,1,564,2124124576,rp2040_timer0,capture,dropped_count,0,INFO,0
STS,1,565,2124127760,rp2040_timer0,capture,error_flags,0,INFO,0
STS,1,566,2140117072,rp2040_timer0,system,uptime_seconds,133,INFO,0
STS,1,567,2140121136,rp2040_timer0,capture,event_count,132,INFO,0
STS,1,568,2140125072,rp2040_timer0,capture,dropped_count,0,INFO,0
STS,1,569,2140127904,rp2040_timer0,capture,error_flags,0,INFO,0
STS,1,570,2156116976,rp2040_timer0,system,uptime_seconds,134,INFO,0
STS,1,571,2156120864,rp2040_timer0,capture,event_count,133,INFO,0
STS,1,572,2156124800,rp2040_timer0,capture,dropped_count,0,INFO,0
STS,1,573,2156127776,rp2040_timer0,capture,error_flags,0,INFO,0
STS,1,574,2172116768,rp2040_timer0,system,uptime_seconds,135,INFO,0
STS,1,575,2172120880,rp2040_timer0,capture,event_count,134,INFO,0
STS,1,576,2172124720,rp2040_timer0,capture,dropped_count,0,INFO,0
STS,1,577,2172127712,rp2040_timer0,capture,error_flags,0,INFO,0
STS,1,578,2188116752,rp2040_timer0,system,uptime_seconds,136,INFO,0
STS,1,579,2188120560,rp2040_timer0,capture,event_count,135,INFO,0
STS,1,580,2188124784,rp2040_timer0,capture,dropped_count,0,INFO,0
STS,1,581,2188127792,rp2040_timer0,capture,error_flags,0,INFO,0
STS,1,582,2204116704,rp2040_timer0,system,uptime_seconds,137,INFO,0
STS,1,583,2204120688,rp2040_timer0,capture,event_count,136,INFO,0
STS,1,584,2204124480,rp2040_timer0,capture,dropped_count,0,INFO,0
STS,1,585,2204127600,rp2040_timer0,capture,error_flags,0,INFO,0
STS,1,586,2220117072,rp2040_timer0,system,uptime_seconds,138,INFO,0
STS,1,587,2220121088,rp2040_timer0,capture,event_count,137,INFO,0
STS,1,588,2220125136,rp2040_timer0,capture,dropped_count,0,INFO,0
STS,1,589,2220128176,rp2040_timer0,capture,error_flags,0,INFO,0
STS,1,590,2236117168,rp2040_timer0,system,uptime_seconds,139,INFO,0
STS,1,591,2236121024,rp2040_timer0,capture,event_count,138,INFO,0
STS,1,592,2236124864,rp2040_timer0,capture,dropped_count,0,INFO,0
STS,1,593,2236127728,rp2040_timer0,capture,error_flags,0,INFO,0
STS,1,594,2252116832,rp2040_timer0,system,uptime_seconds,140,INFO,0
STS,1,595,2252120672,rp2040_timer0,capture,event_count,139,INFO,0
STS,1,596,2252124032,rp2040_timer0,capture,dropped_count,0,INFO,0
STS,1,597,2252126816,rp2040_timer0,capture,error_flags,0,INFO,0
STS,1,598,2268116848,rp2040_timer0,system,uptime_seconds,141,INFO,0
STS,1,599,2268120496,rp2040_timer0,capture,event_count,140,INFO,0
STS,1,600,2268123680,rp2040_timer0,capture,dropped_count,0,INFO,0
STS,1,601,2268126784,rp2040_timer0,capture,error_flags,0,INFO,0
STS,1,602,2284116816,rp2040_timer0,system,uptime_seconds,142,INFO,0
STS,1,603,2284120608,rp2040_timer0,capture,event_count,141,INFO,0
STS,1,604,2284123792,rp2040_timer0,capture,dropped_count,0,INFO,0
STS,1,605,2284126976,rp2040_timer0,capture,error_flags,0,INFO,0
STS,1,606,2300117184,rp2040_timer0,system,uptime_seconds,143,INFO,0
STS,1,607,2300120512,rp2040_timer0,capture,event_count,142,INFO,0
STS,1,608,2300123504,rp2040_timer0,capture,dropped_count,0,INFO,0
STS,1,609,2300126352,rp2040_timer0,capture,error_flags,0,INFO,0
STS,1,610,2316117184,rp2040_timer0,system,uptime_seconds,144,INFO,0
STS,1,611,2316120528,rp2040_timer0,capture,event_count,143,INFO,0
STS,1,612,2316123952,rp2040_timer0,capture,dropped_count,0,INFO,0
STS,1,613,2316127216,rp2040_timer0,capture,error_flags,0,INFO,0
STS,1,614,2332117072,rp2040_timer0,system,uptime_seconds,145,INFO,0
STS,1,615,2332120832,rp2040_timer0,capture,event_count,144,INFO,0
STS,1,616,2332124336,rp2040_timer0,capture,dropped_count,0,INFO,0
STS,1,617,2332127456,rp2040_timer0,capture,error_flags,0,INFO,0
STS,1,618,2348116864,rp2040_timer0,system,uptime_seconds,146,INFO,0
STS,1,619,2348121120,rp2040_timer0,capture,event_count,145,INFO,0
STS,1,620,2348125120,rp2040_timer0,capture,dropped_count,0,INFO,0
STS,1,621,2348128304,rp2040_timer0,capture,error_flags,0,INFO,0
STS,1,622,2364116624,rp2040_timer0,system,uptime_seconds,147,INFO,0
STS,1,623,2364120608,rp2040_timer0,capture,event_count,146,INFO,0
STS,1,624,2364124080,rp2040_timer0,capture,dropped_count,0,INFO,0
STS,1,625,2364127104,rp2040_timer0,capture,error_flags,0,INFO,0
STS,1,626,2380116720,rp2040_timer0,system,uptime_seconds,148,INFO,0
STS,1,627,2380121344,rp2040_timer0,capture,event_count,147,INFO,0
STS,1,628,2380125344,rp2040_timer0,capture,dropped_count,0,INFO,0
STS,1,629,2380128512,rp2040_timer0,capture,error_flags,0,INFO,0
STS,1,630,2396116848,rp2040_timer0,system,uptime_seconds,149,INFO,0
STS,1,631,2396120784,rp2040_timer0,capture,event_count,148,INFO,0
STS,1,632,2396124224,rp2040_timer0,capture,dropped_count,0,INFO,0
STS,1,633,2396127424,rp2040_timer0,capture,error_flags,0,INFO,0
STS,1,634,2412116624,rp2040_timer0,system,uptime_seconds,150,INFO,0
STS,1,635,2412120672,rp2040_timer0,capture,event_count,149,INFO,0
STS,1,636,2412124064,rp2040_timer0,capture,dropped_count,0,INFO,0
STS,1,637,2412127104,rp2040_timer0,capture,error_flags,0,INFO,0
STS,1,638,2428116704,rp2040_timer0,system,uptime_seconds,151,INFO,0
STS,1,639,2428120752,rp2040_timer0,capture,event_count,150,INFO,0
STS,1,640,2428124048,rp2040_timer0,capture,dropped_count,0,INFO,0
STS,1,641,2428126944,rp2040_timer0,capture,error_flags,0,INFO,0
STS,1,642,2444116816,rp2040_timer0,system,uptime_seconds,152,INFO,0
STS,1,643,2444120640,rp2040_timer0,capture,event_count,151,INFO,0
STS,1,644,2444124000,rp2040_timer0,capture,dropped_count,0,INFO,0
STS,1,645,2444127152,rp2040_timer0,capture,error_flags,0,INFO,0
STS,1,646,2460116960,rp2040_timer0,system,uptime_seconds,153,INFO,0
STS,1,647,2460120992,rp2040_timer0,capture,event_count,152,INFO,0
STS,1,648,2460124432,rp2040_timer0,capture,dropped_count,0,INFO,0
STS,1,649,2460127552,rp2040_timer0,capture,error_flags,0,INFO,0
STS,1,650,2476116896,rp2040_timer0,system,uptime_seconds,154,INFO,0
STS,1,651,2476121232,rp2040_timer0,capture,event_count,153,INFO,0
STS,1,652,2476125152,rp2040_timer0,capture,dropped_count,0,INFO,0
STS,1,653,2476128416,rp2040_timer0,capture,error_flags,0,INFO,0
STS,1,654,2492116784,rp2040_timer0,system,uptime_seconds,155,INFO,0
STS,1,655,2492120720,rp2040_timer0,capture,event_count,154,INFO,0
STS,1,656,2492124608,rp2040_timer0,capture,dropped_count,0,INFO,0
STS,1,657,2492127536,rp2040_timer0,capture,error_flags,0,INFO,0
STS,1,658,2508116816,rp2040_timer0,system,uptime_seconds,156,INFO,0
STS,1,659,2508120816,rp2040_timer0,capture,event_count,155,INFO,0
STS,1,660,2508124976,rp2040_timer0,capture,dropped_count,0,INFO,0
STS,1,661,2508128320,rp2040_timer0,capture,error_flags,0,INFO,0
STS,1,662,2524116848,rp2040_timer0,system,uptime_seconds,157,INFO,0
STS,1,663,2524120880,rp2040_timer0,capture,event_count,156,INFO,0
STS,1,664,2524125120,rp2040_timer0,capture,dropped_count,0,INFO,0
STS,1,665,2524128416,rp2040_timer0,capture,error_flags,0,INFO,0
STS,1,666,2540116816,rp2040_timer0,system,uptime_seconds,158,INFO,0
STS,1,667,2540121120,rp2040_timer0,capture,event_count,157,INFO,0
STS,1,668,2540125200,rp2040_timer0,capture,dropped_count,0,INFO,0
STS,1,669,2540128736,rp2040_timer0,capture,error_flags,0,INFO,0
STS,1,670,2556116768,rp2040_timer0,system,uptime_seconds,159,INFO,0
STS,1,671,2556120800,rp2040_timer0,capture,event_count,158,INFO,0
STS,1,672,2556124928,rp2040_timer0,capture,dropped_count,0,INFO,0
STS,1,673,2556128144,rp2040_timer0,capture,error_flags,0,INFO,0
STS,1,674,2572116816,rp2040_timer0,system,uptime_seconds,160,INFO,0
STS,1,675,2572120800,rp2040_timer0,capture,event_count,159,INFO,0
STS,1,676,2572124880,rp2040_timer0,capture,dropped_count,0,INFO,0
STS,1,677,2572128144,rp2040_timer0,capture,error_flags,0,INFO,0
STS,1,678,2588116592,rp2040_timer0,system,uptime_seconds,161,INFO,0
STS,1,679,2588120560,rp2040_timer0,capture,event_count,160,INFO,0
STS,1,680,2588124432,rp2040_timer0,capture,dropped_count,0,INFO,0
STS,1,681,2588127792,rp2040_timer0,capture,error_flags,0,INFO,0
STS,1,682,2604117104,rp2040_timer0,system,uptime_seconds,162,INFO,0
STS,1,683,2604121296,rp2040_timer0,capture,event_count,161,INFO,0
STS,1,684,2604125040,rp2040_timer0,capture,dropped_count,0,INFO,0
STS,1,685,2604128592,rp2040_timer0,capture,error_flags,0,INFO,0
STS,1,686,2620116768,rp2040_timer0,system,uptime_seconds,163,INFO,0
STS,1,687,2620120768,rp2040_timer0,capture,event_count,162,INFO,0
STS,1,688,2620124672,rp2040_timer0,capture,dropped_count,0,INFO,0
STS,1,689,2620128128,rp2040_timer0,capture,error_flags,0,INFO,0
STS,1,690,2636116864,rp2040_timer0,system,uptime_seconds,164,INFO,0
STS,1,691,2636120864,rp2040_timer0,capture,event_count,163,INFO,0
STS,1,692,2636124864,rp2040_timer0,capture,dropped_count,0,INFO,0
STS,1,693,2636128272,rp2040_timer0,capture,error_flags,0,INFO,0
STS,1,694,2652116976,rp2040_timer0,system,uptime_seconds,165,INFO,0
STS,1,695,2652121136,rp2040_timer0,capture,event_count,164,INFO,0
STS,1,696,2652124976,rp2040_timer0,capture,dropped_count,0,INFO,0
STS,1,697,2652128688,rp2040_timer0,capture,error_flags,0,INFO,0
STS,1,698,2668116816,rp2040_timer0,system,uptime_seconds,166,INFO,0
STS,1,699,2668120784,rp2040_timer0,capture,event_count,165,INFO,0
STS,1,700,2668124688,rp2040_timer0,capture,dropped_count,0,INFO,0
STS,1,701,2668128448,rp2040_timer0,capture,error_flags,0,INFO,0
STS,1,702,2684116688,rp2040_timer0,system,uptime_seconds,167,INFO,0
STS,1,703,2684120848,rp2040_timer0,capture,event_count,166,INFO,0
STS,1,704,2684124736,rp2040_timer0,capture,dropped_count,0,INFO,0
STS,1,705,2684128304,rp2040_timer0,capture,error_flags,0,INFO,0
STS,1,706,2700116720,rp2040_timer0,system,uptime_seconds,168,INFO,0
STS,1,707,2700120720,rp2040_timer0,capture,event_count,167,INFO,0
STS,1,708,2700124768,rp2040_timer0,capture,dropped_count,0,INFO,0
STS,1,709,2700128512,rp2040_timer0,capture,error_flags,0,INFO,0
STS,1,710,2716117056,rp2040_timer0,system,uptime_seconds,169,INFO,0
STS,1,711,2716120384,rp2040_timer0,capture,event_count,168,INFO,0
STS,1,712,2716123568,rp2040_timer0,capture,dropped_count,0,INFO,0
STS,1,713,2716126896,rp2040_timer0,capture,error_flags,0,INFO,0
STS,1,714,2732116912,rp2040_timer0,system,uptime_seconds,170,INFO,0
STS,1,715,2732120880,rp2040_timer0,capture,event_count,169,INFO,0
STS,1,716,2732124464,rp2040_timer0,capture,dropped_count,0,INFO,0
STS,1,717,2732127616,rp2040_timer0,capture,error_flags,0,INFO,0
STS,1,718,2748116896,rp2040_timer0,system,uptime_seconds,171,INFO,0
STS,1,719,2748120736,rp2040_timer0,capture,event_count,170,INFO,0
STS,1,720,2748124368,rp2040_timer0,capture,dropped_count,0,INFO,0
STS,1,721,2748127456,rp2040_timer0,capture,error_flags,0,INFO,0
STS,1,722,2764116720,rp2040_timer0,system,uptime_seconds,172,INFO,0
STS,1,723,2764120576,rp2040_timer0,capture,event_count,171,INFO,0
STS,1,724,2764123984,rp2040_timer0,capture,dropped_count,0,INFO,0
STS,1,725,2764126848,rp2040_timer0,capture,error_flags,0,INFO,0
STS,1,726,2780116864,rp2040_timer0,system,uptime_seconds,173,INFO,0
STS,1,727,2780120736,rp2040_timer0,capture,event_count,172,INFO,0
STS,1,728,2780124592,rp2040_timer0,capture,dropped_count,0,INFO,0
STS,1,729,2780127968,rp2040_timer0,capture,error_flags,0,INFO,0
STS,1,730,2796117104,rp2040_timer0,system,uptime_seconds,174,INFO,0
STS,1,731,2796121056,rp2040_timer0,capture,event_count,173,INFO,0
STS,1,732,2796124192,rp2040_timer0,capture,dropped_count,0,INFO,0
STS,1,733,2796127360,rp2040_timer0,capture,error_flags,0,INFO,0
STS,1,734,2807716064,rp2040_timer0,command,h1_help,DAC?_DAC_SET_code_DAC_MID_DAC_ZERO_DAC_LIMITS?_FC0?_HELP,INFO,0
STS,1,735,2812116928,rp2040_timer0,system,uptime_seconds,175,INFO,0
STS,1,736,2812120944,rp2040_timer0,capture,event_count,174,INFO,0
STS,1,737,2812124336,rp2040_timer0,capture,dropped_count,0,INFO,0
STS,1,738,2812127392,rp2040_timer0,capture,error_flags,0,INFO,0
STS,1,739,2828117184,rp2040_timer0,system,uptime_seconds,176,INFO,0
STS,1,740,2828121152,rp2040_timer0,capture,event_count,175,INFO,0
STS,1,741,2828124784,rp2040_timer0,capture,dropped_count,0,INFO,0
STS,1,742,2828128272,rp2040_timer0,capture,error_flags,0,INFO,0
STS,1,743,2844116608,rp2040_timer0,system,uptime_seconds,177,INFO,0
STS,1,744,2844120592,rp2040_timer0,capture,event_count,176,INFO,0
STS,1,745,2844124496,rp2040_timer0,capture,dropped_count,0,INFO,0
STS,1,746,2844127856,rp2040_timer0,capture,error_flags,0,INFO,0
STS,1,747,2860116432,rp2040_timer0,system,uptime_seconds,178,INFO,0
STS,1,748,2860120688,rp2040_timer0,capture,event_count,177,INFO,0
STS,1,749,2860124576,rp2040_timer0,capture,dropped_count,0,INFO,0
STS,1,750,2860127824,rp2040_timer0,capture,error_flags,0,INFO,0
STS,1,751,2876116864,rp2040_timer0,system,uptime_seconds,179,INFO,0
STS,1,752,2876121072,rp2040_timer0,capture,event_count,178,INFO,0
STS,1,753,2876124464,rp2040_timer0,capture,dropped_count,0,INFO,0
STS,1,754,2876127536,rp2040_timer0,capture,error_flags,0,INFO,0
STS,1,755,2892116720,rp2040_timer0,system,uptime_seconds,180,INFO,0
STS,1,756,2892120912,rp2040_timer0,capture,event_count,179,INFO,0
STS,1,757,2892124656,rp2040_timer0,capture,dropped_count,0,INFO,0
STS,1,758,2892128032,rp2040_timer0,capture,error_flags,0,INFO,0
STS,1,759,2907131232,rp2040_timer0,dac,enabled,true,INFO,32768
STS,1,760,2907134608,rp2040_timer0,dac,initialized,true,INFO,0
STS,1,761,2907138448,rp2040_timer0,dac,last_write_ok,true,INFO,0
STS,1,762,2907142752,rp2040_timer0,dac,i2c_address,76,INFO,32768
STS,1,763,2907146880,rp2040_timer0,dac,min_code,0x7000,INFO,32768
STS,1,764,2907149824,rp2040_timer0,dac,max_code,0x9000,INFO,32768
STS,1,765,2907153552,rp2040_timer0,dac,last_requested_code,0x0000,INFO,0
STS,1,766,2907157408,rp2040_timer0,dac,last_applied_code,0x7000,INFO,0
STS,1,767,2907161536,rp2040_timer0,dac,gain_mode,1x,INFO,32768
STS,1,768,2907164000,rp2040_timer0,dac,reference_mode,external_or_breakout_default,INFO,32768
STS,1,769,2908117040,rp2040_timer0,system,uptime_seconds,181,INFO,0
STS,1,770,2908121104,rp2040_timer0,capture,event_count,180,INFO,0
STS,1,771,2908124688,rp2040_timer0,capture,dropped_count,0,INFO,0
STS,1,772,2908128288,rp2040_timer0,capture,error_flags,0,INFO,0
STS,1,773,2924116848,rp2040_timer0,system,uptime_seconds,182,INFO,0
STS,1,774,2924121072,rp2040_timer0,capture,event_count,181,INFO,0
STS,1,775,2924124640,rp2040_timer0,capture,dropped_count,0,INFO,0
STS,1,776,2924128032,rp2040_timer0,capture,error_flags,0,INFO,0
STS,1,777,2940117040,rp2040_timer0,system,uptime_seconds,183,INFO,0
STS,1,778,2940121600,rp2040_timer0,capture,event_count,182,INFO,0
STS,1,779,2940125056,rp2040_timer0,capture,dropped_count,0,INFO,0
STS,1,780,2940129104,rp2040_timer0,capture,error_flags,0,INFO,0
STS,1,781,2956116624,rp2040_timer0,system,uptime_seconds,184,INFO,0
STS,1,782,2956120768,rp2040_timer0,capture,event_count,183,INFO,0
STS,1,783,2956124272,rp2040_timer0,capture,dropped_count,0,INFO,0
STS,1,784,2956127568,rp2040_timer0,capture,error_flags,0,INFO,0
STS,1,785,2972116864,rp2040_timer0,system,uptime_seconds,185,INFO,0
STS,1,786,2972121040,rp2040_timer0,capture,event_count,184,INFO,0
STS,1,787,2972124464,rp2040_timer0,capture,dropped_count,0,INFO,0
STS,1,788,2972128096,rp2040_timer0,capture,error_flags,0,INFO,0
STS,1,789,2988116528,rp2040_timer0,system,uptime_seconds,186,INFO,0
STS,1,790,2988120864,rp2040_timer0,capture,event_count,185,INFO,0
STS,1,791,2988124448,rp2040_timer0,capture,dropped_count,0,INFO,0
STS,1,792,2988127840,rp2040_timer0,capture,error_flags,0,INFO,0
STS,1,793,3004116640,rp2040_timer0,system,uptime_seconds,187,INFO,0
STS,1,794,3004120816,rp2040_timer0,capture,event_count,186,INFO,0
STS,1,795,3004124416,rp2040_timer0,capture,dropped_count,0,INFO,0
STS,1,796,3004127952,rp2040_timer0,capture,error_flags,0,INFO,0
STS,1,797,3017972848,rp2040_timer0,dac,min_code,0x7000,INFO,32768
STS,1,798,3017976992,rp2040_timer0,dac,max_code,0x9000,INFO,32768
STS,1,799,3020116896,rp2040_timer0,system,uptime_seconds,188,INFO,0
STS,1,800,3020120928,rp2040_timer0,capture,event_count,187,INFO,0
STS,1,801,3020124880,rp2040_timer0,capture,dropped_count,0,INFO,0
STS,1,802,3020128592,rp2040_timer0,capture,error_flags,0,INFO,0
STS,1,803,3036116912,rp2040_timer0,system,uptime_seconds,189,INFO,0
STS,1,804,3036120768,rp2040_timer0,capture,event_count,188,INFO,0
STS,1,805,3036124016,rp2040_timer0,capture,dropped_count,0,INFO,0
STS,1,806,3036127104,rp2040_timer0,capture,error_flags,0,INFO,0
STS,1,807,3052117008,rp2040_timer0,system,uptime_seconds,190,INFO,0
STS,1,808,3052120848,rp2040_timer0,capture,event_count,189,INFO,0
STS,1,809,3052124400,rp2040_timer0,capture,dropped_count,0,INFO,0
STS,1,810,3052127952,rp2040_timer0,capture,error_flags,0,INFO,0
STS,1,811,3068116992,rp2040_timer0,system,uptime_seconds,191,INFO,0
STS,1,812,3068120608,rp2040_timer0,capture,event_count,190,INFO,0
STS,1,813,3068124080,rp2040_timer0,capture,dropped_count,0,INFO,0
STS,1,814,3068127808,rp2040_timer0,capture,error_flags,0,INFO,0
STS,1,815,3084116976,rp2040_timer0,system,uptime_seconds,192,INFO,0
STS,1,816,3084121168,rp2040_timer0,capture,event_count,191,INFO,0
STS,1,817,3084124608,rp2040_timer0,capture,dropped_count,0,INFO,0
STS,1,818,3084128512,rp2040_timer0,capture,error_flags,0,INFO,0
STS,1,819,3100116624,rp2040_timer0,system,uptime_seconds,193,INFO,0
STS,1,820,3100120640,rp2040_timer0,capture,event_count,192,INFO,0
STS,1,821,3100124000,rp2040_timer0,capture,dropped_count,0,INFO,0
STS,1,822,3100127696,rp2040_timer0,capture,error_flags,0,INFO,0
STS,1,823,3109797584,rp2040_timer0,fc0,valid,true,INFO,0
STS,1,824,3109801872,rp2040_timer0,fc0,measure_period_ms,1000,INFO,32768
STS,1,825,3109805376,rp2040_timer0,fc0,last_measured_khz,10000,INFO,0
STS,1,826,3109809472,rp2040_timer0,fc0,last_elapsed_us,1001,INFO,16
STS,1,827,3109813568,rp2040_timer0,fc0,last_counted_edges,10010,INFO,0
STS,1,828,3109817744,rp2040_timer0,fc0,last_gate_open_ticks,3100096000,INFO,16
STS,1,829,3109820400,rp2040_timer0,fc0,last_gate_close_ticks,3100112016,INFO,16
STS,1,830,3116116976,rp2040_timer0,system,uptime_seconds,194,INFO,0
STS,1,831,3116120848,rp2040_timer0,capture,event_count,193,INFO,0
STS,1,832,3116124240,rp2040_timer0,capture,dropped_count,0,INFO,0
STS,1,833,3116128400,rp2040_timer0,capture,error_flags,0,INFO,0
STS,1,834,3132116944,rp2040_timer0,system,uptime_seconds,195,INFO,0
STS,1,835,3132121120,rp2040_timer0,capture,event_count,194,INFO,0
STS,1,836,3132124752,rp2040_timer0,capture,dropped_count,0,INFO,0
STS,1,837,3132128720,rp2040_timer0,capture,error_flags,0,INFO,0
STS,1,838,3148116928,rp2040_timer0,system,uptime_seconds,196,INFO,0
STS,1,839,3148120736,rp2040_timer0,capture,event_count,195,INFO,0
STS,1,840,3148124208,rp2040_timer0,capture,dropped_count,0,INFO,0
STS,1,841,3148127744,rp2040_timer0,capture,error_flags,0,INFO,0
STS,1,842,3164116848,rp2040_timer0,system,uptime_seconds,197,INFO,0
STS,1,843,3164120832,rp2040_timer0,capture,event_count,196,INFO,0
STS,1,844,3164123920,rp2040_timer0,capture,dropped_count,0,INFO,0
STS,1,845,3164127088,rp2040_timer0,capture,error_flags,0,INFO,0
STS,1,846,3180116992,rp2040_timer0,system,uptime_seconds,198,INFO,0
STS,1,847,3180120960,rp2040_timer0,capture,event_count,197,INFO,0
STS,1,848,3180124496,rp2040_timer0,capture,dropped_count,0,INFO,0
STS,1,849,3180128160,rp2040_timer0,capture,error_flags,0,INFO,0
STS,1,850,3189159200,rp2040_timer0,dac,requested_code,0x8000,INFO,0
STS,1,851,3189170224,rp2040_timer0,dac,accepted_code,0x8000,INFO,0
STS,1,852,3196117200,rp2040_timer0,system,uptime_seconds,199,INFO,0
STS,1,853,3196120848,rp2040_timer0,capture,event_count,198,INFO,0
STS,1,854,3196123936,rp2040_timer0,capture,dropped_count,0,INFO,0
STS,1,855,3196127296,rp2040_timer0,capture,error_flags,0,INFO,0
STS,1,856,3212116912,rp2040_timer0,system,uptime_seconds,200,INFO,0
STS,1,857,3212120944,rp2040_timer0,capture,event_count,199,INFO,0
STS,1,858,3212124368,rp2040_timer0,capture,dropped_count,0,INFO,0
STS,1,859,3212127856,rp2040_timer0,capture,error_flags,0,INFO,0
STS,1,860,3228116768,rp2040_timer0,system,uptime_seconds,201,INFO,0
STS,1,861,3228120592,rp2040_timer0,capture,event_count,200,INFO,0
STS,1,862,3228123888,rp2040_timer0,capture,dropped_count,0,INFO,0
STS,1,863,3228127440,rp2040_timer0,capture,error_flags,0,INFO,0
STS,1,864,3244116816,rp2040_timer0,system,uptime_seconds,202,INFO,0
STS,1,865,3244120928,rp2040_timer0,capture,event_count,201,INFO,0
STS,1,866,3244124240,rp2040_timer0,capture,dropped_count,0,INFO,0
STS,1,867,3244127600,rp2040_timer0,capture,error_flags,0,INFO,0
STS,1,868,3260117008,rp2040_timer0,system,uptime_seconds,203,INFO,0
STS,1,869,3260121072,rp2040_timer0,capture,event_count,202,INFO,0
STS,1,870,3260124528,rp2040_timer0,capture,dropped_count,0,INFO,0
STS,1,871,3260128416,rp2040_timer0,capture,error_flags,0,INFO,0
STS,1,872,3263979952,rp2040_timer0,dac,requested_code,0x8000,INFO,0
STS,1,873,3263990896,rp2040_timer0,dac,accepted_code,0x8000,INFO,0
STS,1,874,3276116832,rp2040_timer0,system,uptime_seconds,204,INFO,0
STS,1,875,3276121008,rp2040_timer0,capture,event_count,203,INFO,0
STS,1,876,3276124288,rp2040_timer0,capture,dropped_count,0,INFO,0
STS,1,877,3276127792,rp2040_timer0,capture,error_flags,0,INFO,0
STS,1,878,3292116976,rp2040_timer0,system,uptime_seconds,205,INFO,0
STS,1,879,3292121280,rp2040_timer0,capture,event_count,204,INFO,0
STS,1,880,3292124752,rp2040_timer0,capture,dropped_count,0,INFO,0
STS,1,881,3292128496,rp2040_timer0,capture,error_flags,0,INFO,0
STS,1,882,3308116720,rp2040_timer0,system,uptime_seconds,206,INFO,0
STS,1,883,3308120752,rp2040_timer0,capture,event_count,205,INFO,0
STS,1,884,3308124240,rp2040_timer0,capture,dropped_count,0,INFO,0
STS,1,885,3308128080,rp2040_timer0,capture,error_flags,0,INFO,0
STS,1,886,3324116656,rp2040_timer0,system,uptime_seconds,207,INFO,0
STS,1,887,3324120880,rp2040_timer0,capture,event_count,206,INFO,0
STS,1,888,3324124544,rp2040_timer0,capture,dropped_count,0,INFO,0
STS,1,889,3324128208,rp2040_timer0,capture,error_flags,0,INFO,0
STS,1,890,3340116800,rp2040_timer0,system,uptime_seconds,208,INFO,0
STS,1,891,3340120624,rp2040_timer0,capture,event_count,207,INFO,0
STS,1,892,3340123744,rp2040_timer0,capture,dropped_count,0,INFO,0
STS,1,893,3340127472,rp2040_timer0,capture,error_flags,0,INFO,0
STS,1,894,3356116720,rp2040_timer0,system,uptime_seconds,209,INFO,0
STS,1,895,3356121024,rp2040_timer0,capture,event_count,208,INFO,0
STS,1,896,3356124832,rp2040_timer0,capture,dropped_count,0,INFO,0
STS,1,897,3356128560,rp2040_timer0,capture,error_flags,0,INFO,0
STS,1,898,3357969200,rp2040_timer0,dac,requested_code,0x7000,INFO,0
STS,1,899,3357980432,rp2040_timer0,dac,accepted_code,0x7000,INFO,0
STS,1,900,3372116560,rp2040_timer0,system,uptime_seconds,210,INFO,0
STS,1,901,3372120592,rp2040_timer0,capture,event_count,209,INFO,0
STS,1,902,3372124000,rp2040_timer0,capture,dropped_count,0,INFO,0
STS,1,903,3372127872,rp2040_timer0,capture,error_flags,0,INFO,0
STS,1,904,3388116896,rp2040_timer0,system,uptime_seconds,211,INFO,0
STS,1,905,3388120800,rp2040_timer0,capture,event_count,210,INFO,0
STS,1,906,3388124064,rp2040_timer0,capture,dropped_count,0,INFO,0
STS,1,907,3388128128,rp2040_timer0,capture,error_flags,0,INFO,0
STS,1,908,3404116688,rp2040_timer0,system,uptime_seconds,212,INFO,0
STS,1,909,3404120704,rp2040_timer0,capture,event_count,211,INFO,0
STS,1,910,3404124096,rp2040_timer0,capture,dropped_count,0,INFO,0
STS,1,911,3404127984,rp2040_timer0,capture,error_flags,0,INFO,0
STS,1,912,3420116976,rp2040_timer0,system,uptime_seconds,213,INFO,0
STS,1,913,3420120784,rp2040_timer0,capture,event_count,212,INFO,0
STS,1,914,3420124384,rp2040_timer0,capture,dropped_count,0,INFO,0
STS,1,915,3420128544,rp2040_timer0,capture,error_flags,0,INFO,0
STS,1,916,3436116848,rp2040_timer0,system,uptime_seconds,214,INFO,0
STS,1,917,3436120400,rp2040_timer0,capture,event_count,213,INFO,0
STS,1,918,3436123376,rp2040_timer0,capture,dropped_count,0,INFO,0
STS,1,919,3436126672,rp2040_timer0,capture,error_flags,0,INFO,0
STS,1,920,3438928336,rp2040_timer0,dac,requested_code,0x0000,INFO,0
STS,1,921,3438932528,rp2040_timer0,dac,rejected_code,0x0000,WARN,32768
STS,1,922,3438936464,rp2040_timer0,dac,set,rejected_outside_clamps,WARN,32768
STS,1,923,3452117120,rp2040_timer0,system,uptime_seconds,215,INFO,0
STS,1,924,3452121152,rp2040_timer0,capture,event_count,214,INFO,0
STS,1,925,3452124512,rp2040_timer0,capture,dropped_count,0,INFO,0
STS,1,926,3452127968,rp2040_timer0,capture,error_flags,0,INFO,0
STS,1,927,3468116944,rp2040_timer0,system,uptime_seconds,216,INFO,0
STS,1,928,3468120864,rp2040_timer0,capture,event_count,215,INFO,0
STS,1,929,3468124336,rp2040_timer0,capture,dropped_count,0,INFO,0
STS,1,930,3468128096,rp2040_timer0,capture,error_flags,0,INFO,0
STS,1,931,3484116864,rp2040_timer0,system,uptime_seconds,217,INFO,0
STS,1,932,3484120880,rp2040_timer0,capture,event_count,216,INFO,0
STS,1,933,3484124352,rp2040_timer0,capture,dropped_count,0,INFO,0
STS,1,934,3484127808,rp2040_timer0,capture,error_flags,0,INFO,0
STS,1,935,3500116880,rp2040_timer0,system,uptime_seconds,218,INFO,0
STS,1,936,3500120864,rp2040_timer0,capture,event_count,217,INFO,0
STS,1,937,3500124352,rp2040_timer0,capture,dropped_count,0,INFO,0
STS,1,938,3500127984,rp2040_timer0,capture,error_flags,0,INFO,0
STS,1,939,3516116928,rp2040_timer0,system,uptime_seconds,219,INFO,0
STS,1,940,3516121120,rp2040_timer0,capture,event_count,218,INFO,0
STS,1,941,3516124448,rp2040_timer0,capture,dropped_count,0,INFO,0
STS,1,942,3516128224,rp2040_timer0,capture,error_flags,0,INFO,0
STS,1,943,3528610768,rp2040_timer0,dac,requested_code,0xFFFF,INFO,0
STS,1,944,3528614912,rp2040_timer0,dac,rejected_code,0xFFFF,WARN,32768
STS,1,945,3528618864,rp2040_timer0,dac,set,rejected_outside_clamps,WARN,32768
STS,1,946,3532116832,rp2040_timer0,system,uptime_seconds,220,INFO,0
STS,1,947,3532121232,rp2040_timer0,capture,event_count,219,INFO,0
STS,1,948,3532124592,rp2040_timer0,capture,dropped_count,0,INFO,0
STS,1,949,3532128384,rp2040_timer0,capture,error_flags,0,INFO,0
STS,1,950,3548116944,rp2040_timer0,system,uptime_seconds,221,INFO,0
STS,1,951,3548121104,rp2040_timer0,capture,event_count,220,INFO,0
STS,1,952,3548124384,rp2040_timer0,capture,dropped_count,0,INFO,0
STS,1,953,3548128160,rp2040_timer0,capture,error_flags,0,INFO,0
STS,1,954,3564116800,rp2040_timer0,system,uptime_seconds,222,INFO,0
STS,1,955,3564120800,rp2040_timer0,capture,event_count,221,INFO,0
STS,1,956,3564124336,rp2040_timer0,capture,dropped_count,0,INFO,0
STS,1,957,3564127984,rp2040_timer0,capture,error_flags,0,INFO,0
STS,1,958,3580116912,rp2040_timer0,system,uptime_seconds,223,INFO,0
STS,1,959,3580120928,rp2040_timer0,capture,event_count,222,INFO,0
STS,1,960,3580124416,rp2040_timer0,capture,dropped_count,0,INFO,0
STS,1,961,3580128240,rp2040_timer0,capture,error_flags,0,INFO,0
STS,1,962,3596116736,rp2040_timer0,system,uptime_seconds,224,INFO,0
STS,1,963,3596120736,rp2040_timer0,capture,event_count,223,INFO,0
STS,1,964,3596123872,rp2040_timer0,capture,dropped_count,0,INFO,0
STS,1,965,3596128032,rp2040_timer0,capture,error_flags,0,INFO,0
STS,1,966,3612116944,rp2040_timer0,system,uptime_seconds,225,INFO,0
STS,1,967,3612121088,rp2040_timer0,capture,event_count,224,INFO,0
STS,1,968,3612124352,rp2040_timer0,capture,dropped_count,0,INFO,0
STS,1,969,3612128512,rp2040_timer0,capture,error_flags,0,INFO,0
STS,1,970,3618206096,rp2040_timer0,command,h1_help,DAC?_DAC_SET_code_DAC_MID_DAC_ZERO_DAC_LIMITS?_FC0?_HELP,INFO,0
STS,1,971,3628116816,rp2040_timer0,system,uptime_seconds,226,INFO,0
STS,1,972,3628120784,rp2040_timer0,capture,event_count,225,INFO,0
STS,1,973,3628124224,rp2040_timer0,capture,dropped_count,0,INFO,0
STS,1,974,3628128304,rp2040_timer0,capture,error_flags,0,INFO,0
STS,1,975,3644117168,rp2040_timer0,system,uptime_seconds,227,INFO,0
STS,1,976,3644121264,rp2040_timer0,capture,event_count,226,INFO,0
STS,1,977,3644124448,rp2040_timer0,capture,dropped_count,0,INFO,0
STS,1,978,3644128256,rp2040_timer0,capture,error_flags,0,INFO,0
STS,1,979,3660116704,rp2040_timer0,system,uptime_seconds,228,INFO,0
STS,1,980,3660120512,rp2040_timer0,capture,event_count,227,INFO,0
STS,1,981,3660123504,rp2040_timer0,capture,dropped_count,0,INFO,0
STS,1,982,3660127360,rp2040_timer0,capture,error_flags,0,INFO,0
STS,1,983,3676116640,rp2040_timer0,system,uptime_seconds,229,INFO,0
STS,1,984,3676120672,rp2040_timer0,capture,event_count,228,INFO,0
STS,1,985,3676124016,rp2040_timer0,capture,dropped_count,0,INFO,0
STS,1,986,3676127936,rp2040_timer0,capture,error_flags,0,INFO,0
STS,1,987,3692116880,rp2040_timer0,system,uptime_seconds,230,INFO,0
STS,1,988,3692120784,rp2040_timer0,capture,event_count,229,INFO,0
STS,1,989,3692123968,rp2040_timer0,capture,dropped_count,0,INFO,0
STS,1,990,3692127696,rp2040_timer0,capture,error_flags,0,INFO,0
STS,1,991,3693155872,rp2040_timer0,dac,enabled,true,INFO,32768
STS,1,992,3693159760,rp2040_timer0,dac,initialized,true,INFO,0
STS,1,993,3693163072,rp2040_timer0,dac,last_write_ok,true,INFO,0
STS,1,994,3693166928,rp2040_timer0,dac,i2c_address,76,INFO,32768
STS,1,995,3693171424,rp2040_timer0,dac,min_code,0x7000,INFO,32768
STS,1,996,3693175488,rp2040_timer0,dac,max_code,0x9000,INFO,32768
STS,1,997,3693178272,rp2040_timer0,dac,last_requested_code,0x7000,INFO,0
STS,1,998,3693181456,rp2040_timer0,dac,last_applied_code,0x7000,INFO,0
STS,1,999,3693185232,rp2040_timer0,dac,gain_mode,1x,INFO,32768
STS,1,1000,3693189088,rp2040_timer0,dac,reference_mode,external_or_breakout_default,INFO,32768
STS,1,1001,3708116720,rp2040_timer0,system,uptime_seconds,231,INFO,0
STS,1,1002,3708120752,rp2040_timer0,capture,event_count,230,INFO,0
STS,1,1003,3708124080,rp2040_timer0,capture,dropped_count,0,INFO,0
STS,1,1004,3708127712,rp2040_timer0,capture,error_flags,0,INFO,0
STS,1,1005,3724117328,rp2040_timer0,system,uptime_seconds,232,INFO,0
STS,1,1006,3724121184,rp2040_timer0,capture,event_count,231,INFO,0
STS,1,1007,3724124368,rp2040_timer0,capture,dropped_count,0,INFO,0
STS,1,1008,3724128384,rp2040_timer0,capture,error_flags,0,INFO,0
STS,1,1009,3740116736,rp2040_timer0,system,uptime_seconds,233,INFO,0
STS,1,1010,3740120752,rp2040_timer0,capture,event_count,232,INFO,0
STS,1,1011,3740124080,rp2040_timer0,capture,dropped_count,0,INFO,0
STS,1,1012,3740128112,rp2040_timer0,capture,error_flags,0,INFO,0
STS,1,1013,3756117104,rp2040_timer0,system,uptime_seconds,234,INFO,0
STS,1,1014,3756121168,rp2040_timer0,capture,event_count,233,INFO,0
STS,1,1015,3756124352,rp2040_timer0,capture,dropped_count,0,INFO,0
STS,1,1016,3756128336,rp2040_timer0,capture,error_flags,0,INFO,0
STS,1,1017,3770606064,rp2040_timer0,dac,min_code,0x7000,INFO,32768
STS,1,1018,3770610224,rp2040_timer0,dac,max_code,0x9000,INFO,32768
STS,1,1019,3772117088,rp2040_timer0,system,uptime_seconds,235,INFO,0
STS,1,1020,3772120704,rp2040_timer0,capture,event_count,234,INFO,0
STS,1,1021,3772123952,rp2040_timer0,capture,dropped_count,0,INFO,0
STS,1,1022,3772127728,rp2040_timer0,capture,error_flags,0,INFO,0
STS,1,1023,3788116736,rp2040_timer0,system,uptime_seconds,236,INFO,0
STS,1,1024,3788120896,rp2040_timer0,capture,event_count,235,INFO,0
STS,1,1025,3788124080,rp2040_timer0,capture,dropped_count,0,INFO,0
STS,1,1026,3788127840,rp2040_timer0,capture,error_flags,0,INFO,0
STS,1,1027,3804116784,rp2040_timer0,system,uptime_seconds,237,INFO,0
STS,1,1028,3804120800,rp2040_timer0,capture,event_count,236,INFO,0
STS,1,1029,3804123824,rp2040_timer0,capture,dropped_count,0,INFO,0
STS,1,1030,3804127424,rp2040_timer0,capture,error_flags,0,INFO,0
STS,1,1031,3820116976,rp2040_timer0,system,uptime_seconds,238,INFO,0
STS,1,1032,3820121280,rp2040_timer0,capture,event_count,237,INFO,0
STS,1,1033,3820124496,rp2040_timer0,capture,dropped_count,0,INFO,0
STS,1,1034,3820128368,rp2040_timer0,capture,error_flags,0,INFO,0
STS,1,1035,3836116912,rp2040_timer0,system,uptime_seconds,239,INFO,0
STS,1,1036,3836121152,rp2040_timer0,capture,event_count,238,INFO,0
STS,1,1037,3836124320,rp2040_timer0,capture,dropped_count,0,INFO,0
STS,1,1038,3836128192,rp2040_timer0,capture,error_flags,0,INFO,0
STS,1,1039,3852117152,rp2040_timer0,system,uptime_seconds,240,INFO,0
STS,1,1040,3852121648,rp2040_timer0,capture,event_count,239,INFO,0
STS,1,1041,3852124896,rp2040_timer0,capture,dropped_count,0,INFO,0
STS,1,1042,3852128960,rp2040_timer0,capture,error_flags,0,INFO,0
STS,1,1043,3857333280,rp2040_timer0,fc0,valid,true,INFO,0
STS,1,1044,3857337472,rp2040_timer0,fc0,measure_period_ms,1000,INFO,32768
STS,1,1045,3857340864,rp2040_timer0,fc0,last_measured_khz,10000,INFO,0
STS,1,1046,3857344912,rp2040_timer0,fc0,last_elapsed_us,1002,INFO,16
STS,1,1047,3857349088,rp2040_timer0,fc0,last_counted_edges,10020,INFO,0
STS,1,1048,3857352752,rp2040_timer0,fc0,last_gate_open_ticks,3852096016,INFO,16
STS,1,1049,3857356016,rp2040_timer0,fc0,last_gate_close_ticks,3852112048,INFO,16
STS,1,1050,3868116656,rp2040_timer0,system,uptime_seconds,241,INFO,0
STS,1,1051,3868120528,rp2040_timer0,capture,event_count,240,INFO,0
STS,1,1052,3868123712,rp2040_timer0,capture,dropped_count,0,INFO,0
STS,1,1053,3868127488,rp2040_timer0,capture,error_flags,0,INFO,0
STS,1,1054,3884117008,rp2040_timer0,system,uptime_seconds,242,INFO,0
STS,1,1055,3884121488,rp2040_timer0,capture,event_count,241,INFO,0
STS,1,1056,3884125168,rp2040_timer0,capture,dropped_count,0,INFO,0
STS,1,1057,3884129216,rp2040_timer0,capture,error_flags,0,INFO,0
STS,1,1058,3900116832,rp2040_timer0,system,uptime_seconds,243,INFO,0
STS,1,1059,3900120864,rp2040_timer0,capture,event_count,242,INFO,0
STS,1,1060,3900124384,rp2040_timer0,capture,dropped_count,0,INFO,0
STS,1,1061,3900128096,rp2040_timer0,capture,error_flags,0,INFO,0
STS,1,1062,3916116832,rp2040_timer0,system,uptime_seconds,244,INFO,0
STS,1,1063,3916120864,rp2040_timer0,capture,event_count,243,INFO,0
STS,1,1064,3916124304,rp2040_timer0,capture,dropped_count,0,INFO,0
STS,1,1065,3916128416,rp2040_timer0,capture,error_flags,0,INFO,0
STS,1,1066,3932116976,rp2040_timer0,system,uptime_seconds,245,INFO,0
STS,1,1067,3932120672,rp2040_timer0,capture,event_count,244,INFO,0
STS,1,1068,3932123648,rp2040_timer0,capture,dropped_count,0,INFO,0
STS,1,1069,3932127664,rp2040_timer0,capture,error_flags,0,INFO,0
STS,1,1070,3942174032,rp2040_timer0,dac,requested_code,0x8000,INFO,0
STS,1,1071,3942184720,rp2040_timer0,dac,accepted_code,0x8000,INFO,0
STS,1,1072,3948116848,rp2040_timer0,system,uptime_seconds,246,INFO,0
STS,1,1073,3948120368,rp2040_timer0,capture,event_count,245,INFO,0
STS,1,1074,3948122912,rp2040_timer0,capture,dropped_count,0,INFO,0
STS,1,1075,3948125552,rp2040_timer0,capture,error_flags,0,INFO,0
STS,1,1076,3964116752,rp2040_timer0,system,uptime_seconds,247,INFO,0
STS,1,1077,3964120864,rp2040_timer0,capture,event_count,246,INFO,0
STS,1,1078,3964124096,rp2040_timer0,capture,dropped_count,0,INFO,0
STS,1,1079,3964128432,rp2040_timer0,capture,error_flags,0,INFO,0
STS,1,1080,3980116784,rp2040_timer0,system,uptime_seconds,248,INFO,0
STS,1,1081,3980120656,rp2040_timer0,capture,event_count,247,INFO,0
STS,1,1082,3980123984,rp2040_timer0,capture,dropped_count,0,INFO,0
STS,1,1083,3980128144,rp2040_timer0,capture,error_flags,0,INFO,0
STS,1,1084,3996116944,rp2040_timer0,system,uptime_seconds,249,INFO,0
STS,1,1085,3996121072,rp2040_timer0,capture,event_count,248,INFO,0
STS,1,1086,3996124048,rp2040_timer0,capture,dropped_count,0,INFO,0
STS,1,1087,3996128096,rp2040_timer0,capture,error_flags,0,INFO,0
STS,1,1088,4012116640,rp2040_timer0,system,uptime_seconds,250,INFO,0
STS,1,1089,4012120608,rp2040_timer0,capture,event_count,249,INFO,0
STS,1,1090,4012123520,rp2040_timer0,capture,dropped_count,0,INFO,0
STS,1,1091,4012127472,rp2040_timer0,capture,error_flags,0,INFO,0
STS,1,1092,4018404336,rp2040_timer0,dac,requested_code,0x8000,INFO,0
STS,1,1093,4018414784,rp2040_timer0,dac,accepted_code,0x8000,INFO,0
STS,1,1094,4028116912,rp2040_timer0,system,uptime_seconds,251,INFO,0
STS,1,1095,4028121360,rp2040_timer0,capture,event_count,250,INFO,0
STS,1,1096,4028124672,rp2040_timer0,capture,dropped_count,0,INFO,0
STS,1,1097,4028128752,rp2040_timer0,capture,error_flags,0,INFO,0
STS,1,1098,4044116880,rp2040_timer0,system,uptime_seconds,252,INFO,0
STS,1,1099,4044120816,rp2040_timer0,capture,event_count,251,INFO,0
STS,1,1100,4044124112,rp2040_timer0,capture,dropped_count,0,INFO,0
STS,1,1101,4044127824,rp2040_timer0,capture,error_flags,0,INFO,0
STS,1,1102,4060116768,rp2040_timer0,system,uptime_seconds,253,INFO,0
STS,1,1103,4060120768,rp2040_timer0,capture,event_count,252,INFO,0
STS,1,1104,4060123920,rp2040_timer0,capture,dropped_count,0,INFO,0
STS,1,1105,4060127696,rp2040_timer0,capture,error_flags,0,INFO,0
STS,1,1106,4076116736,rp2040_timer0,system,uptime_seconds,254,INFO,0
STS,1,1107,4076120736,rp2040_timer0,capture,event_count,253,INFO,0
STS,1,1108,4076123904,rp2040_timer0,capture,dropped_count,0,INFO,0
STS,1,1109,4076127600,rp2040_timer0,capture,error_flags,0,INFO,0
STS,1,1110,4092117104,rp2040_timer0,system,uptime_seconds,255,INFO,0
STS,1,1111,4092120800,rp2040_timer0,capture,event_count,254,INFO,0
STS,1,1112,4092123872,rp2040_timer0,capture,dropped_count,0,INFO,0
STS,1,1113,4092127840,rp2040_timer0,capture,error_flags,0,INFO,0
STS,1,1114,4095808928,rp2040_timer0,dac,requested_code,0x7000,INFO,0
STS,1,1115,4095819408,rp2040_timer0,dac,accepted_code,0x7000,INFO,0
STS,1,1116,4108116656,rp2040_timer0,system,uptime_seconds,256,INFO,0
STS,1,1117,4108120896,rp2040_timer0,capture,event_count,255,INFO,0
STS,1,1118,4108123920,rp2040_timer0,capture,dropped_count,0,INFO,0
STS,1,1119,4108127856,rp2040_timer0,capture,error_flags,0,INFO,0
STS,1,1120,4124116800,rp2040_timer0,system,uptime_seconds,257,INFO,0
STS,1,1121,4124121200,rp2040_timer0,capture,event_count,256,INFO,0
STS,1,1122,4124124640,rp2040_timer0,capture,dropped_count,0,INFO,0
STS,1,1123,4124128560,rp2040_timer0,capture,error_flags,0,INFO,0
STS,1,1124,4140116736,rp2040_timer0,system,uptime_seconds,258,INFO,0
STS,1,1125,4140120928,rp2040_timer0,capture,event_count,257,INFO,0
STS,1,1126,4140124176,rp2040_timer0,capture,dropped_count,0,INFO,0
STS,1,1127,4140127904,rp2040_timer0,capture,error_flags,0,INFO,0
STS,1,1128,4156117008,rp2040_timer0,system,uptime_seconds,259,INFO,0
STS,1,1129,4156121312,rp2040_timer0,capture,event_count,258,INFO,0
STS,1,1130,4156124736,rp2040_timer0,capture,dropped_count,0,INFO,0
STS,1,1131,4156128304,rp2040_timer0,capture,error_flags,0,INFO,0
STS,1,1132,4164592768,rp2040_timer0,dac,requested_code,0x0000,INFO,0
STS,1,1133,4164597152,rp2040_timer0,dac,rejected_code,0x0000,WARN,32768
STS,1,1134,4164601056,rp2040_timer0,dac,set,rejected_outside_clamps,WARN,32768
STS,1,1135,4172116752,rp2040_timer0,system,uptime_seconds,260,INFO,0
STS,1,1136,4172120880,rp2040_timer0,capture,event_count,259,INFO,0
STS,1,1137,4172124368,rp2040_timer0,capture,dropped_count,0,INFO,0
STS,1,1138,4172128400,rp2040_timer0,capture,error_flags,0,INFO,0
STS,1,1139,4188116816,rp2040_timer0,system,uptime_seconds,261,INFO,0
STS,1,1140,4188121056,rp2040_timer0,capture,event_count,260,INFO,0
STS,1,1141,4188124640,rp2040_timer0,capture,dropped_count,0,INFO,0
STS,1,1142,4188128432,rp2040_timer0,capture,error_flags,0,INFO,0
STS,1,1143,4204116848,rp2040_timer0,system,uptime_seconds,262,INFO,0
STS,1,1144,4204121120,rp2040_timer0,capture,event_count,261,INFO,0
STS,1,1145,4204124432,rp2040_timer0,capture,dropped_count,0,INFO,0
STS,1,1146,4204128720,rp2040_timer0,capture,error_flags,0,INFO,0
STS,1,1147,4220116976,rp2040_timer0,system,uptime_seconds,263,INFO,0
STS,1,1148,4220121312,rp2040_timer0,capture,event_count,262,INFO,0
STS,1,1149,4220124624,rp2040_timer0,capture,dropped_count,0,INFO,0
STS,1,1150,4220128736,rp2040_timer0,capture,error_flags,0,INFO,0
STS,1,1151,4236116656,rp2040_timer0,system,uptime_seconds,264,INFO,0
STS,1,1152,4236120480,rp2040_timer0,capture,event_count,263,INFO,0
STS,1,1153,4236123248,rp2040_timer0,capture,dropped_count,0,INFO,0
STS,1,1154,4236127408,rp2040_timer0,capture,error_flags,0,INFO,0
STS,1,1155,4236375376,rp2040_timer0,dac,requested_code,0xFFFF,INFO,0
STS,1,1156,4236378912,rp2040_timer0,dac,rejected_code,0xFFFF,WARN,32768
STS,1,1157,4236383024,rp2040_timer0,dac,set,rejected_outside_clamps,WARN,32768
STS,1,1158,4252116880,rp2040_timer0,system,uptime_seconds,265,INFO,0
STS,1,1159,4252120928,rp2040_timer0,capture,event_count,264,INFO,0
STS,1,1160,4252124400,rp2040_timer0,capture,dropped_count,0,INFO,0
STS,1,1161,4252128528,rp2040_timer0,capture,error_flags,0,INFO,0
STS,1,1162,4268116768,rp2040_timer0,system,uptime_seconds,266,INFO,0
STS,1,1163,4268120544,rp2040_timer0,capture,event_count,265,INFO,0
STS,1,1164,4268123632,rp2040_timer0,capture,dropped_count,0,INFO,0
STS,1,1165,4268127344,rp2040_timer0,capture,error_flags,0,INFO,0
STS,1,1166,4284116784,rp2040_timer0,system,uptime_seconds,267,INFO,0
STS,1,1167,4284120896,rp2040_timer0,capture,event_count,266,INFO,0
STS,1,1168,4284123968,rp2040_timer0,capture,dropped_count,0,INFO,0
STS,1,1169,4284127952,rp2040_timer0,capture,error_flags,0,INFO,0
STS,1,1170,4300117232,rp2040_timer0,system,uptime_seconds,268,INFO,0
STS,1,1171,4300120912,rp2040_timer0,capture,event_count,267,INFO,0
STS,1,1172,4300124624,rp2040_timer0,capture,dropped_count,0,INFO,0
STS,1,1173,4300128416,rp2040_timer0,capture,error_flags,0,INFO,0
